VCU ID,vcu,State,completed
1352,Mobile,AL,1
1353,Baldwin,AL,0
1354,Escambia,AL,0
1355,Covington,AL,0
1356,Geneva,AL,0
1357,Houston,AL,0
1358,Conecuh,AL,0
1359,Crenshaw,AL,0
1360,Coffee,AL,0
1361,Dale,AL,0
1362,Butler,AL,0
1363,Montgomery,AL,0
1364,Pike,AL,0
1365,Henry,AL,0
1366,Autauga,AL,0
1367,Macon,AL,0
1368,Bullock,AL,0
1369,Barbour,AL,0
1370,Monroe,AL,0
1371,Lowndes,AL,0
1372,Lee,AL,0
1373,Russell,AL,0
1374,Chilton,AL,0
1375,Washington,AL,0
1376,Clarke,AL,0
1377,Wilcox,AL,0
1378,Dallas,AL,0
1379,Shelby,AL,0
1380,Elmore,AL,0
1381,Perry,AL,0
1382,Bibb,AL,0
1383,Chambers,AL,0
1384,Choctaw,AL,0
1385,Marengo,AL,0
1386,Jefferson,AL,0
1387,Tallapoosa,AL,0
1388,Greene,AL,0
1389,Hale,AL,0
1390,Coosa,AL,0
1391,Clay,AL,0
1392,Randolph,AL,0
1393,Sumter,AL,0
1394,Tuscaloosa,AL,0
1395,Talladega,AL,0
1396,Calhoun,AL,0
1397,Pickens,AL,0
1398,Lamar,AL,0
1399,St. Clair,AL,0
1400,Marion,AL,0
1401,Walker,AL,0
1402,Blount,AL,0
1403,Etowah,AL,0
1404,Cleburne,AL,0
1405,Franklin,AL,0
1406,Fayette,AL,0
1407,Cullman,AL,0
1408,Winston,AL,0
1409,Lawrence,AL,0
1410,Morgan,AL,0
1411,Marshall,AL,0
1412,DeKalb,AL,0
1413,Cherokee,AL,0
1414,Colbert,AL,0
1415,Madison,AL,0
1416,Lauderdale,AL,0
1417,Limestone,AL,0
1418,Jackson,AL,0
1419,Alaska,AK,0
4631,Aleutians East,AK,0
4632,Aleutians West,AK,0
4633,Anchorage,AK,0
4634,Bethel,AK,0
4635,Bristol Bay,AK,0
4636,Denali,AK,0
4637,Dillingham,AK,0
4638,Fairbanks North Star,AK,0
4639,Haines,AK,0
4640,Hoonah-Angoon,AK,0
4641,Juneau,AK,0
4642,Kenai Peninsula,AK,0
4643,Ketchikan Gateway,AK,0
4644,Kodiak Island,AK,0
4645,Lake and Peninsula,AK,0
4646,Matanuska-Susitna,AK,0
4647,Nome,AK,0
4648,North Slope,AK,0
4649,Northwest Arctic,AK,0
4650,Petersburg,AK,0
4651,Prince of Wales-Hyder,AK,0
4652,Sitka,AK,0
4653,Skagway-Hoonah-Angoon,AK,0
4654,Skagway,AK,0
4655,Southeast Fairbanks,AK,0
4656,Valdez-Cordova,AK,0
4657,Wade Hampton,AK,0
4658,Wrangell,AK,0
4659,Yakutat,AK,0
4660,Yukon-Koyukuk,AK,0
416,Apache,AZ,0
417,Cochise,AZ,0
418,Coconino,AZ,0
419,Gila,AZ,0
420,Graham,AZ,0
422,La Paz,AZ,0
423,Maricopa,AZ,0
424,Mohave,AZ,0
425,Navajo,AZ,0
426,Pima,AZ,0
427,Pinal,AZ,0
428,Santa Cruz,AZ,0
429,Yavapai,AZ,0
430,Yuma,AZ,0
1421,Greenlee,AZ,0
1422,Miller,AR,0
1423,Lafayette,AR,0
1424,Columbia,AR,0
1425,Ouachita,AR,0
1426,Union,AR,0
1427,Chicot,AR,0
1428,Nevada,AR,0
1429,Bradley,AR,0
1430,Ashley,AR,0
1431,Little River,AR,0
1432,Hempstead,AR,0
1433,Dallas,AR,0
1434,Calhoun,AR,0
1435,Cleveland,AR,0
1436,Pulaski,AR,0
1437,Sevier,AR,0
1438,Garland,AR,0
1439,Clark,AR,0
1440,Grant,AR,0
1441,Drew,AR,0
1442,Howard,AR,0
1443,Pike,AR,0
1444,Hot Spring,AR,0
1445,Desha,AR,0
1446,Polk,AR,0
1447,Lincoln,AR,0
1448,Arkansas,AR,0
1449,Phillips,AR,0
1450,Jefferson,AR,0
1451,Lee,AR,0
1452,Crawford,AR,0
1453,Scott,AR,0
1454,Montgomery,AR,0
1455,Saline,AR,0
1456,Monroe,AR,0
1457,St. Francis,AR,0
1458,Sebastian,AR,0
1459,Yell,AR,0
1460,Logan,AR,0
1461,Perry,AR,0
1462,Faulkner,AR,0
1463,Lonoke,AR,0
1464,Cross,AR,0
1465,Pope,AR,0
1466,Van Buren,AR,0
1467,Prairie,AR,0
1468,Franklin,AR,0
1469,Johnson,AR,0
1470,Conway,AR,0
1471,White,AR,0
1472,Crittenden,AR,0
1473,Washington,AR,0
1474,Woodruff,AR,0
1475,Craighead,AR,0
1476,Poinsett,AR,0
1477,Searcy,AR,0
1478,Cleburne,AR,0
1479,Jackson,AR,0
1480,Independence,AR,0
1481,Stone,AR,0
1482,Lawrence,AR,0
1483,Mississippi,AR,0
1484,Benton,AR,0
1485,Madison,AR,0
1486,Newton,AR,0
1487,Izard,AR,0
1488,Carroll,AR,0
1489,Boone,AR,0
1490,Marion,AR,0
1491,Baxter,AR,0
1492,Fulton,AR,0
1493,Randolph,AR,0
1494,Clay,AR,0
1495,Greene,AR,0
1496,Sharp,AR,0
1497,San Diego,CA,0
1498,Imperial,CA,0
1499,Orange,CA,0
1500,Riverside,CA,0
1501,Los Angeles,CA,0
1502,San Bernardino,CA,0
1503,Ventura,CA,0
1504,Monterey,CA,0
1505,San Luis Obispo,CA,0
1506,Santa Barbara,CA,0
1507,Kern,CA,0
1508,Santa Cruz,CA,0
1509,San Benito,CA,0
1510,Fresno,CA,0
1511,Kings,CA,0
1512,Tulare,CA,0
1513,Inyo,CA,0
1514,Santa Clara,CA,0
1515,Stanislaus,CA,0
1516,Mono,CA,0
1517,Merced,CA,0
1518,Madera,CA,0
1519,Mariposa,CA,0
1520,Alpine,CA,0
1521,Amador,CA,0
1522,Calaveras,CA,0
1523,Tuolumne,CA,0
1524,San Mateo,CA,0
1525,San Joaquin,CA,0
1526,El Dorado,CA,0
1527,Alameda,CA,0
1528,Placer,CA,0
1529,Sacramento,CA,0
1530,San Francisco,CA,0
1531,Nevada,CA,0
1532,Contra Costa,CA,0
1533,Sierra,CA,0
1534,Marin,CA,0
1535,Napa,CA,0
1536,Plumas,CA,0
1537,Sutter,CA,0
1538,Sonoma,CA,0
1539,Yuba,CA,0
1540,Solano,CA,0
1541,Butte,CA,0
1542,Mendocino,CA,0
1543,Lake,CA,0
1544,Yolo,CA,0
1545,Del Norte,CA,0
1546,Humboldt,CA,0
1547,Trinity,CA,0
1548,Siskiyou,CA,0
1549,Colusa,CA,0
1550,Glenn,CA,0
1551,Tehama,CA,0
1552,Shasta,CA,0
1553,Lassen,CA,0
1554,Modoc,CA,0
1555,Moffat,CO,0
1556,Rio Blanco,CO,0
1557,Garfield,CO,0
1558,Eagle,CO,0
1559,Routt,CO,0
1560,Mesa,CO,0
1561,Pitkin,CO,0
1562,Delta,CO,0
1563,Montrose,CO,0
1564,Gunnison,CO,0
1565,San Miguel,CO,0
1566,Ouray,CO,0
1567,Dolores,CO,0
1568,San Juan,CO,0
1569,Montezuma,CO,0
1570,La Plata,CO,0
1571,Jefferson,CO,0
1572,Chaffee,CO,0
1573,Lake,CO,0
1574,Summit,CO,0
1575,Clear Creek,CO,0
1576,Gilpin,CO,0
1577,Grand,CO,0
1578,Jackson,CO,0
1579,Larimer,CO,0
1580,Boulder,CO,0
1581,Denver,CO,0
1582,Douglas,CO,0
1583,El Paso,CO,0
1584,Park,CO,0
1585,Hinsdale,CO,0
1586,Mineral,CO,0
1587,Archuleta,CO,0
1588,Conejos,CO,0
1589,Fremont,CO,0
1590,Teller,CO,0
1591,Arapahoe,CO,0
1592,Weld,CO,0
1593,Broomfield,CO,0
1594,Logan,CO,0
1595,Morgan,CO,0
1596,Sedgwick,CO,0
1597,Phillips,CO,0
1598,Yuma,CO,0
1599,Washington,CO,0
1600,Lincoln,CO,0
1601,Crowley,CO,0
1602,Adams,CO,0
1603,Pueblo,CO,0
1604,Elbert,CO,0
1605,Saguache,CO,0
1606,Alamosa,CO,0
1607,Rio Grande,CO,0
1608,Costilla,CO,0
1609,Las Animas,CO,0
1610,Custer,CO,0
1611,Huerfano,CO,0
1612,Prowers,CO,0
1613,Bent,CO,0
1614,Otero,CO,0
1615,Kit Carson,CO,0
1616,Cheyenne,CO,0
1617,Kiowa,CO,0
1618,Baca,CO,0
1619,Greenwich,CT,0
1620,Stamford,CT,0
1621,Norwalk,CT,0
1622,Westport,CT,0
1623,Fairfield,CT,0
1624,Bridgeport,CT,0
1625,Stratford,CT,0
1626,Milford,CT,0
1627,West Haven,CT,0
1628,New Haven,CT,0
1629,East Haven,CT,0
1630,Branford,CT,0
1631,Guilford,CT,0
1632,Madison,CT,0
1633,Westbrook,CT,0
1634,Old Saybrook,CT,0
1635,East Lyme,CT,0
1636,Waterford,CT,0
1637,New Canaan,CT,0
1638,Darien,CT,0
1639,Wilton,CT,0
1640,Meriden,CT,0
1641,Durham,CT,0
1642,Essex,CT,0
1643,Old Lyme,CT,0
1644,Ridgefield,CT,0
1645,Weston,CT,0
1646,Easton,CT,0
1647,Trumbull,CT,0
1648,North Branford,CT,0
1650,Clinton,CT,0
1651,Deep River,CT,0
1652,Lyme,CT,0
1653,Montville,CT,0
1654,New London,CT,0
1655,Danbury,CT,0
1656,Redding,CT,0
1657,Monroe,CT,0
1658,Shelton,CT,0
1659,Orange,CT,0
1660,Wallingford,CT,0
1661,Killingworth,CT,0
1662,Chester,CT,0
1663,Salem,CT,0
1664,Ledyard,CT,0
1665,Newtown,CT,0
1666,Ansonia,CT,0
1667,Hamden,CT,0
1668,East Hampton,CT,0
1669,Haddam,CT,0
1670,East Haddam,CT,0
1671,Preston,CT,0
1672,Groton,CT,0
1673,New Fairfield,CT,0
1674,Brookfield,CT,0
1675,Bethel,CT,0
1676,Seymour,CT,0
1677,Bethany,CT,0
1678,Prospect,CT,0
1679,Cheshire,CT,0
1680,North Haven,CT,0
1681,Portland,CT,0
1682,Colchester,CT,0
1683,Bozrah,CT,0
1684,Norwich,CT,0
1685,Stonington,CT,0
1686,Sherman,CT,0
1687,Roxbury,CT,0
1688,Watertown,CT,0
1689,Oxford,CT,0
1690,Derby,CT,0
1691,Beacon Falls,CT,0
1692,Woodbridge,CT,0
1693,Waterbury,CT,0
1694,Middlefield,CT,0
1695,Cromwell,CT,0
1696,Lebanon,CT,0
1697,Griswold,CT,0
1698,North Stonington,CT,0
1699,Bridgewater,CT,0
1700,Southbury,CT,0
1701,Naugatuck,CT,0
1702,Wolcott,CT,0
1703,Southington,CT,0
1704,Berlin,CT,0
1705,Rocky Hill,CT,0
1706,Wethersfield,CT,0
1707,Glastonbury,CT,0
1708,Marlborough,CT,0
1709,Hebron,CT,0
1710,Franklin,CT,0
1711,Sprague,CT,0
1712,Lisbon,CT,0
1713,Canterbury,CT,0
1714,Voluntown,CT,0
1715,Woodbury,CT,0
1716,Thomaston,CT,0
1717,Middlebury,CT,0
1718,Bristol,CT,0
1719,New Britain,CT,0
1720,Newington,CT,0
1721,Manchester,CT,0
1722,Andover,CT,0
1723,Columbia,CT,0
1724,Windham,CT,0
1725,Scotland,CT,0
1726,Plainfield,CT,0
1727,New Milford,CT,0
1728,Washington,CT,0
1729,Bethlehem,CT,0
1730,Torrington,CT,0
1731,Plymouth,CT,0
1732,Plainville,CT,0
1733,West Hartford,CT,0
1734,East Hartford,CT,0
1735,Bolton,CT,0
1736,Coventry,CT,0
1737,Mansfield,CT,0
1738,Chaplin,CT,0
1739,Warren,CT,0
1740,Morris,CT,0
1741,Harwinton,CT,0
1742,Hartford,CT,0
1743,Vernon,CT,0
1744,Hampton,CT,0
1745,Sterling,CT,0
1746,Kent,CT,0
1747,Cornwall,CT,0
1748,Litchfield,CT,0
1749,New Hartford,CT,0
1750,Burlington,CT,0
1751,Tolland,CT,0
1752,Eastford,CT,0
1753,Brooklyn,CT,0
1754,Killingly,CT,0
1755,Sharon,CT,0
1756,Canaan,CT,0
1757,Goshen,CT,0
1758,Winchester,CT,0
1759,Barkhamsted,CT,0
1760,Canton,CT,0
1761,Farmington,CT,0
1762,Bloomfield,CT,0
1763,South Windsor,CT,0
1764,Enfield,CT,0
1765,Ellington,CT,0
1766,Willington,CT,0
1767,Ashford,CT,0
1768,Pomfret,CT,0
1769,Putnam,CT,0
1770,Salisbury,CT,0
1771,North Canaan,CT,0
1772,Norfolk,CT,0
1773,Colebrook,CT,0
1774,Hartland,CT,0
1775,Granby,CT,0
1776,Avon,CT,0
1777,Simsbury,CT,0
1778,East Granby,CT,0
1779,Suffield,CT,0
1780,Windsor Locks,CT,0
1781,Windsor,CT,0
1782,East Windsor,CT,0
1783,Somers,CT,0
1784,Stafford,CT,0
1785,Union,CT,0
1786,Woodstock,CT,0
1787,Thompson,CT,0
5384,Middletown,CT,0
1788,Sussex,DE,0
1789,Kent,DE,0
1790,New Castle,DE,0
1791,Escambia,FL,0
1792,Santa Rosa,FL,0
1793,Okaloosa,FL,0
1794,Walton,FL,0
1795,Holmes,FL,0
1796,Washington,FL,0
1797,Bay,FL,0
1798,Jackson,FL,0
1799,Gadsden,FL,0
1800,Calhoun,FL,0
1801,Liberty,FL,0
1802,Gulf,FL,0
1803,Leon,FL,0
1804,Franklin,FL,0
1805,Wakulla,FL,0
1806,Dixie,FL,0
1807,Taylor,FL,0
1808,Lafayette,FL,0
1809,Jefferson,FL,0
1810,Madison,FL,0
1811,Suwannee,FL,0
1812,Hamilton,FL,0
1813,Gilchrist,FL,0
1814,Columbia,FL,0
1815,Baker,FL,0
1816,Sumter,FL,0
1817,Citrus,FL,0
1818,Union,FL,0
1819,Levy,FL,0
1820,Hernando,FL,0
1821,Lake,FL,0
1822,Marion,FL,0
1823,Alachua,FL,0
1824,Clay,FL,0
1825,Bradford,FL,0
1826,Duval,FL,0
1827,Volusia,FL,0
1828,Putnam,FL,0
1829,Pasco,FL,0
1830,Flagler,FL,0
1831,St. Johns,FL,0
1832,Nassau,FL,0
1833,Seminole,FL,0
1834,Orange,FL,0
1835,Brevard,FL,0
1836,Hillsborough,FL,0
1837,Indian River,FL,0
1838,Osceola,FL,0
1839,Okeechobee,FL,0
1840,St. Lucie,FL,0
1841,Martin,FL,0
1842,Polk,FL,0
1843,Pinellas,FL,0
1844,Hardee,FL,0
1845,Palm Beach,FL,0
1846,Manatee,FL,0
1847,DeSoto,FL,0
1848,Highlands,FL,0
1849,Sarasota,FL,0
1850,Broward,FL,0
1851,Charlotte,FL,0
1852,Lee,FL,0
1853,Miami-Dade,FL,0
1854,Glades,FL,0
1855,Hendry,FL,0
1856,Collier,FL,0
1857,Monroe,FL,0
1858,Charlton,GA,0
1859,Thomas,GA,0
1860,Lowndes,GA,0
1861,Clinch,GA,0
1862,Camden,GA,0
1863,Randolph,GA,0
1864,Webster,GA,0
1865,Sumter,GA,0
1866,Houston,GA,0
1867,Lee,GA,0
1868,Decatur,GA,0
1869,Mitchell,GA,0
1870,Colquitt,GA,0
1871,Echols,GA,0
1872,Schley,GA,0
1873,Macon,GA,0
1874,Bibb,GA,0
1875,Terrell,GA,0
1876,Seminole,GA,0
1877,Dougherty,GA,0
1878,Brooks,GA,0
1879,Lanier,GA,0
1880,Ware,GA,0
1881,Glynn,GA,0
1882,Marion,GA,0
1883,Peach,GA,0
1884,Calhoun,GA,0
1885,Miller,GA,0
1886,Tift,GA,0
1887,Berrien,GA,0
1888,Atkinson,GA,0
1889,McIntosh,GA,0
1890,Muscogee,GA,0
1891,Crawford,GA,0
1892,Lamar,GA,0
1893,Monroe,GA,0
1894,Clayton,GA,0
1895,Henry,GA,0
1896,Clay,GA,0
1897,Early,GA,0
1898,Baker,GA,0
1899,Worth,GA,0
1900,Cook,GA,0
1901,Pierce,GA,0
1902,Brantley,GA,0
1903,Liberty,GA,0
1904,Chatham,GA,0
1905,Taylor,GA,0
1906,Crisp,GA,0
1907,Turner,GA,0
1908,Irwin,GA,0
1909,Coffee,GA,0
1910,Bacon,GA,0
1911,Wayne,GA,0
1912,Harris,GA,0
1913,Talbot,GA,0
1914,Dooly,GA,0
1915,Wilcox,GA,0
1916,Ben Hill,GA,0
1917,Jeff Davis,GA,0
1918,Appling,GA,0
1919,Bryan,GA,0
1920,Effingham,GA,0
1921,Pike,GA,0
1922,Upson,GA,0
1923,Butts,GA,0
1924,DeKalb,GA,0
1925,Pulaski,GA,0
1926,Tattnall,GA,0
1927,Long,GA,0
1928,Johnson,GA,0
1929,Troup,GA,0
1930,Meriwether,GA,0
1931,Spalding,GA,0
1932,Fayette,GA,0
1933,Toombs,GA,0
1934,Evans,GA,0
1935,Candler,GA,0
1936,Richmond,GA,0
1937,Coweta,GA,0
1938,Telfair,GA,0
1939,Wheeler,GA,0
1940,Montgomery,GA,0
1941,Laurens,GA,0
1942,Heard,GA,0
1943,Bleckley,GA,0
1944,Dodge,GA,0
1945,Carroll,GA,0
1946,Douglas,GA,0
1947,Newton,GA,0
1948,Twiggs,GA,0
1949,Wilkinson,GA,0
1950,Fulton,GA,0
1951,Rockdale,GA,0
1952,Jenkins,GA,0
1953,Jefferson,GA,0
1954,Cobb,GA,0
1955,Gwinnett,GA,0
1956,Columbia,GA,0
1957,Washington,GA,0
1958,Glascock,GA,0
1959,Jones,GA,0
1960,Baldwin,GA,0
1961,Jasper,GA,0
1962,Putnam,GA,0
1963,Hancock,GA,0
1964,Taliaferro,GA,0
1965,Warren,GA,0
1966,McDuffie,GA,0
1967,Greene,GA,0
1968,Paulding,GA,0
1969,Morgan,GA,0
1970,Oconee,GA,0
1971,Haralson,GA,0
1972,Walton,GA,0
1973,Wilkes,GA,0
1974,Lincoln,GA,0
1975,Polk,GA,0
1976,Oglethorpe,GA,0
1977,Floyd,GA,0
1978,Bartow,GA,0
1979,Cherokee,GA,0
1980,Elbert,GA,0
1981,Forsyth,GA,0
1982,Clarke,GA,0
1983,Madison,GA,0
1984,Jackson,GA,0
1985,Hall,GA,0
1986,Barrow,GA,0
1987,Walker,GA,0
1988,Chattooga,GA,0
1989,Gordon,GA,0
1990,Pickens,GA,0
1991,Dawson,GA,0
1992,Banks,GA,0
1993,Franklin,GA,0
1994,Hart,GA,0
1995,Stephens,GA,0
1996,Habersham,GA,0
1997,Dade,GA,0
1998,Catoosa,GA,0
1999,Whitfield,GA,0
2000,Murray,GA,0
2001,Gilmer,GA,0
2002,Fannin,GA,0
2003,Union,GA,0
2004,Lumpkin,GA,0
2005,Towns,GA,0
2006,White,GA,0
2007,Rabun,GA,0
2008,Grady,GA,0
2009,Treutlen,GA,0
2010,Bulloch,GA,0
2011,Chattahoochee,GA,0
2012,Quitman,GA,0
2013,Stewart,GA,0
2014,Screven,GA,0
2015,Burke,GA,0
4497,Emanuel,GA,0
2016,Hawaii,HI,0
2017,Maui,HI,0
2018,Honolulu,HI,0
2019,Kauai,HI,0
4499,Kalawao,HI,0
2020,Owyhee,ID,0
2021,Canyon,ID,0
2022,Ada,ID,0
2023,Twin Falls,ID,0
2024,Cassia,ID,0
2025,Franklin,ID,0
2026,Caribou,ID,0
2027,Bear Lake,ID,0
2028,Oneida,ID,0
2029,Power,ID,0
2030,Bannock,ID,0
2031,Bingham,ID,0
2032,Bonneville,ID,0
2033,Jerome,ID,0
2034,Minidoka,ID,0
2035,Madison,ID,0
2036,Fremont,ID,0
2037,Payette,ID,0
2038,Gem,ID,0
2039,Teton,ID,0
2040,Gooding,ID,0
2041,Jefferson,ID,0
2042,Elmore,ID,0
2043,Lincoln,ID,0
2044,Washington,ID,0
2045,Camas,ID,0
2046,Blaine,ID,0
2047,Butte,ID,0
2048,Custer,ID,0
2049,Clark,ID,0
2050,Nez Perce,ID,0
2051,Adams,ID,0
2052,Lemhi,ID,0
2053,Valley,ID,0
2054,Boise,ID,0
2055,Idaho,ID,0
2056,Latah,ID,0
2057,Lewis,ID,0
2058,Clearwater,ID,0
2059,Benewah,ID,0
2060,Shoshone,ID,0
2061,Kootenai,ID,0
2062,Bonner,ID,0
2063,Boundary,ID,0
2064,Alexander,IL,0
2065,Union,IL,0
2066,Pulaski,IL,0
2067,Massac,IL,0
2068,Williamson,IL,0
2069,Johnson,IL,0
2070,Pope,IL,0
2071,Hardin,IL,0
2072,Jackson,IL,0
2073,Perry,IL,0
2074,Franklin,IL,0
2075,Saline,IL,0
2076,Gallatin,IL,0
2077,Wabash,IL,0
2078,St. Clair,IL,0
2079,Hamilton,IL,0
2080,White,IL,0
2081,Edwards,IL,0
2082,Lawrence,IL,0
2083,Clinton,IL,0
2084,Washington,IL,0
2085,Jefferson,IL,0
2086,Wayne,IL,0
2087,Marion,IL,0
2088,Clay,IL,0
2089,Jasper,IL,0
2090,Richland,IL,0
2091,Crawford,IL,0
2092,Madison,IL,0
2093,Bond,IL,0
2094,Fayette,IL,0
2095,Coles,IL,0
2096,Effingham,IL,0
2097,Cumberland,IL,0
2098,Clark,IL,0
2099,Edgar,IL,0
2100,Randolph,IL,0
2101,Montgomery,IL,0
2102,Shelby,IL,0
2103,Champaign,IL,0
2104,Douglas,IL,0
2105,Vermilion,IL,0
2106,Monroe,IL,0
2107,Macon,IL,0
2108,Moultrie,IL,0
2109,Ford,IL,0
2110,Iroquois,IL,0
2111,Macoupin,IL,0
2112,Christian,IL,0
2113,Piatt,IL,0
2114,Kankakee,IL,0
2115,Calhoun,IL,0
2116,Sangamon,IL,0
2117,Will,IL,0
2118,Pike,IL,0
2119,Jersey,IL,0
2120,Adams,IL,0
2121,Greene,IL,0
2122,Morgan,IL,0
2123,Cook,IL,0
2124,Hancock,IL,0
2125,Brown,IL,0
2126,Scott,IL,0
2127,Cass,IL,0
2128,Menard,IL,0
2129,Peoria,IL,0
2130,McDonough,IL,0
2131,Schuyler,IL,0
2132,Mason,IL,0
2133,Logan,IL,0
2134,De Witt,IL,0
2135,Fulton,IL,0
2136,Tazewell,IL,0
2137,McLean,IL,0
2138,Henderson,IL,0
2139,Warren,IL,0
2140,Mercer,IL,0
2141,Stark,IL,0
2142,Putnam,IL,0
2143,LaSalle,IL,0
2144,Knox,IL,0
2145,Marshall,IL,0
2146,Woodford,IL,0
2147,Livingston,IL,0
2148,Rock Island,IL,0
2149,Henry,IL,0
2150,DuPage,IL,0
2151,Kendall,IL,0
2152,Kane,IL,0
2153,Bureau,IL,0
2154,Whiteside,IL,0
2155,Lee,IL,0
2156,Ogle,IL,0
2157,Carroll,IL,0
2158,DeKalb,IL,0
2159,McHenry,IL,0
2160,Lake,IL,0
2161,Grundy,IL,0
2162,Winnebago,IL,0
2163,Stephenson,IL,0
2164,Boone,IL,0
2165,JoDaviess,IL,0
2166,Posey,IN,0
2167,Vanderburgh,IN,0
2168,Warrick,IN,0
2169,Spencer,IN,0
2170,Perry,IN,0
2171,Crawford,IN,0
2172,Dubois,IN,0
2173,Orange,IN,0
2174,Washington,IN,0
2175,Scott,IN,0
2176,Harrison,IN,0
2177,Gibson,IN,0
2178,Pike,IN,0
2179,Martin,IN,0
2180,Lawrence,IN,0
2181,Knox,IN,0
2182,Daviess,IN,0
2183,Monroe,IN,0
2184,Jackson,IN,0
2185,Floyd,IN,0
2186,Sullivan,IN,0
2187,Greene,IN,0
2188,Clark,IN,0
2189,Vigo,IN,0
2190,Morgan,IN,0
2191,Brown,IN,0
2192,Jefferson,IN,0
2193,Switzerland,IN,0
2194,Johnson,IN,0
2195,Decatur,IN,0
2196,Ripley,IN,0
2197,Jennings,IN,0
2198,Ohio,IN,0
2199,Clay,IN,0
2200,Owen,IN,0
2201,Hendricks,IN,0
2202,Bartholomew,IN,0
2203,Rush,IN,0
2204,Fayette,IN,0
2205,Dearborn,IN,0
2206,Vermillion,IN,0
2207,Parke,IN,0
2208,Putnam,IN,0
2209,Hancock,IN,0
2210,Warren,IN,0
2211,Fountain,IN,0
2212,Marion,IN,0
2213,Shelby,IN,0
2214,Henry,IN,0
2215,Franklin,IN,0
2216,Newton,IN,0
2217,Jasper,IN,0
2218,Benton,IN,0
2219,Montgomery,IN,0
2220,Union,IN,0
2221,Lake,IN,0
2222,Tippecanoe,IN,0
2223,Delaware,IN,0
2224,Wayne,IN,0
2225,Madison,IN,0
2226,Randolph,IN,0
2227,Boone,IN,0
2228,Hamilton,IN,0
2229,Grant,IN,0
2230,Blackford,IN,0
2231,Carroll,IN,0
2232,Clinton,IN,0
2233,Wells,IN,0
2234,Jay,IN,0
2235,White,IN,0
2236,Cass,IN,0
2237,Howard,IN,0
2238,Huntington,IN,0
2239,Adams,IN,0
2240,Marshall,IN,0
2241,Kosciusko,IN,0
2242,Allen,IN,0
2243,Miami,IN,0
2244,Wabash,IN,0
2245,Fulton,IN,0
2246,Tipton,IN,0
2247,Whitley,IN,0
2248,Porter,IN,0
2249,Pulaski,IN,0
2250,St. Joseph,IN,0
2251,Starke,IN,0
2252,La Porte,IN,0
2253,Elkhart,IN,0
2254,Noble,IN,0
2255,DeKalb,IN,0
2256,LaGrange,IN,0
2257,Steuben,IN,0
3864,Lee,IA,0
3865,Fremont,IA,0
3866,Page,IA,0
3867,Adams,IA,0
3868,Union,IA,0
3869,Madison,IA,0
3870,Warren,IA,0
3871,Taylor,IA,0
3872,Ringgold,IA,0
3873,Decatur,IA,0
3874,Wayne,IA,0
3875,Appanoose,IA,0
3876,Davis,IA,0
3877,Van Buren,IA,0
3878,Mills,IA,0
3879,Montgomery,IA,0
3880,Clarke,IA,0
3881,Adair,IA,0
3882,Mahaska,IA,0
3883,Lucas,IA,0
3884,Wapello,IA,0
3885,Jefferson,IA,0
3886,Pottawattamie,IA,0
3887,Polk,IA,0
3888,Marion,IA,0
3889,Johnson,IA,0
3890,Monroe,IA,0
3891,Washington,IA,0
3892,Des Moines,IA,0
3893,Henry,IA,0
3894,Poweshiek,IA,0
3895,Keokuk,IA,0
3896,Cedar,IA,0
3897,Scott,IA,0
3898,Muscatine,IA,0
3899,Louisa,IA,0
3900,Cass,IA,0
3901,Iowa,IA,0
3902,Shelby,IA,0
3903,Audubon,IA,0
3904,Guthrie,IA,0
3905,Harrison,IA,0
3906,Dallas,IA,0
3907,Jasper,IA,0
3908,Linn,IA,0
3909,Benton,IA,0
3910,Monona,IA,0
3911,Tama,IA,0
3912,Jones,IA,0
3913,Clinton,IA,0
3914,Woodbury,IA,0
3915,Crawford,IA,0
3916,Greene,IA,0
3917,Boone,IA,0
3918,Story,IA,0
3919,Grundy,IA,0
3920,Buchanan,IA,0
3921,Delaware,IA,0
3922,Carroll,IA,0
3923,Webster,IA,0
3924,Wright,IA,0
3925,Marshall,IA,0
3926,Dubuque,IA,0
3927,Jackson,IA,0
3928,Sac,IA,0
3929,Humboldt,IA,0
3930,Calhoun,IA,0
3931,Buena Vista,IA,0
3932,Hancock,IA,0
3933,Hardin,IA,0
3934,Black Hawk,IA,0
3935,Fayette,IA,0
3936,Plymouth,IA,0
3937,Ida,IA,0
3938,Pocahontas,IA,0
3939,Dickinson,IA,0
3940,Clay,IA,0
3941,Cerro Gordo,IA,0
3942,Franklin,IA,0
3943,Hamilton,IA,0
3944,Bremer,IA,0
3945,Sioux,IA,0
3946,Cherokee,IA,0
3947,Palo Alto,IA,0
3948,Floyd,IA,0
3949,Butler,IA,0
3950,Chickasaw,IA,0
3951,Clayton,IA,0
3952,Lyon,IA,0
3953,Osceola,IA,0
3954,O'Brien,IA,0
3955,Emmet,IA,0
3956,Kossuth,IA,0
3957,Winnebago,IA,0
3958,Worth,IA,0
3959,Mitchell,IA,0
3960,Howard,IA,0
3961,Winneshiek,IA,0
3962,Allamakee,IA,0
525,Congressional District 1,KS,0
526,Congressional District 2,KS,0
527,Congressional District 3,KS,0
528,Congressional District 4,KS,0
4289,Allen,KS,0
4290,Anderson,KS,0
4291,Atchison,KS,0
4292,Barber,KS,0
4293,Barton,KS,0
4294,Bourbon,KS,0
4295,Brown,KS,0
4296,Butler,KS,0
4297,Chase,KS,0
4298,Chautauqua,KS,0
4299,Cherokee,KS,0
4300,Cheyenne,KS,0
4301,Clark,KS,0
4302,Clay,KS,0
4303,Cloud,KS,0
4304,Coffey,KS,0
4305,Comanche,KS,0
4306,Cowley,KS,0
4307,Crawford,KS,0
4308,Decatur,KS,0
4309,Dickinson,KS,0
4310,Doniphan,KS,0
4311,Douglas,KS,0
4312,Edwards,KS,0
4313,Elk,KS,0
4314,Ellis,KS,0
4315,Ellsworth,KS,0
4316,Finney,KS,0
4317,Ford,KS,0
4318,Franklin,KS,0
4319,Geary,KS,0
4320,Gove,KS,0
4321,Graham,KS,0
4322,Grant,KS,0
4323,Gray,KS,0
4324,Greeley,KS,0
4325,Greenwood,KS,0
4326,Hamilton,KS,0
4327,Harper,KS,0
4328,Harvey,KS,0
4329,Haskell,KS,0
4330,Hodgeman,KS,0
4331,Jackson,KS,0
4332,Jefferson,KS,0
4333,Jewell,KS,0
4334,Johnson,KS,0
4335,Kearny,KS,0
4336,Kingman,KS,0
4337,Kiowa,KS,0
4338,Labette,KS,0
4339,Lane,KS,0
4340,Leavenworth,KS,0
4341,Lincoln,KS,0
4342,Linn,KS,0
4343,Logan,KS,0
4344,Lyon,KS,0
4345,McPherson,KS,0
4346,Marion,KS,0
4347,Marshall,KS,0
4348,Meade,KS,0
4349,Miami,KS,0
4350,Mitchell,KS,0
4351,Montgomery,KS,0
4352,Morris,KS,0
4353,Morton,KS,0
4354,Nemaha,KS,0
4355,Neosho,KS,0
4356,Ness,KS,0
4357,Norton,KS,0
4358,Osage,KS,0
4359,Osborne,KS,0
4360,Ottawa,KS,0
4361,Pawnee,KS,0
4362,Phillips,KS,0
4363,Pottawatomie,KS,0
4364,Pratt,KS,0
4365,Rawlins,KS,0
4366,Reno,KS,0
4367,Republic,KS,0
4368,Rice,KS,0
4369,Riley,KS,0
4370,Rooks,KS,0
4371,Rush,KS,0
4372,Russell,KS,0
4373,Saline,KS,0
4374,Scott,KS,0
4375,Sedgwick,KS,0
4376,Seward,KS,0
4377,Shawnee,KS,0
4378,Sheridan,KS,0
4379,Sherman,KS,0
4380,Smith,KS,0
4381,Stafford,KS,0
4382,Stanton,KS,0
4383,Stevens,KS,0
4384,Sumner,KS,0
4385,Thomas,KS,0
4386,Trego,KS,0
4387,Wabaunsee,KS,0
4388,Wallace,KS,0
4389,Washington,KS,0
4390,Wichita,KS,0
4391,Wilson,KS,0
4392,Woodson,KS,0
4393,Wyandotte,KS,0
2258,Fulton,KY,0
2259,Hickman,KY,0
2260,Graves,KY,0
2261,Calloway,KY,0
2262,Trigg,KY,0
2263,Caldwell,KY,0
2264,Bell,KY,0
2265,Harlan,KY,0
2266,Letcher,KY,0
2267,Carlisle,KY,0
2268,Lyon,KY,0
2269,Christian,KY,0
2270,Logan,KY,0
2271,Simpson,KY,0
2272,Allen,KY,0
2273,Monroe,KY,0
2274,Cumberland,KY,0
2275,Clinton,KY,0
2276,Wayne,KY,0
2277,McCreary,KY,0
2278,Whitley,KY,0
2279,Knox,KY,0
2280,Clay,KY,0
2281,Leslie,KY,0
2282,Perry,KY,0
2283,Breathitt,KY,0
2284,Knott,KY,0
2285,McCracken,KY,0
2286,Marshall,KY,0
2287,Todd,KY,0
2288,Warren,KY,0
2289,Barren,KY,0
2290,Metcalfe,KY,0
2291,Adair,KY,0
2292,Russell,KY,0
2293,Pulaski,KY,0
2294,Laurel,KY,0
2295,Lincoln,KY,0
2296,Rockcastle,KY,0
2297,Jackson,KY,0
2298,Owsley,KY,0
2299,Wolfe,KY,0
2300,Magoffin,KY,0
2301,Floyd,KY,0
2302,Hopkins,KY,0
2303,Butler,KY,0
2304,Green,KY,0
2305,Taylor,KY,0
2306,Casey,KY,0
2307,Garrard,KY,0
2308,Madison,KY,0
2309,Estill,KY,0
2310,Lee,KY,0
2311,Powell,KY,0
2312,Morgan,KY,0
2313,Johnson,KY,0
2314,Montgomery,KY,0
2315,Ballard,KY,0
2316,Livingston,KY,0
2317,Webster,KY,0
2318,McLean,KY,0
2319,Ohio,KY,0
2320,Hart,KY,0
2321,LaRue,KY,0
2322,Nelson,KY,0
2323,Marion,KY,0
2324,Mercer,KY,0
2325,Boyle,KY,0
2326,Jessamine,KY,0
2327,Fayette,KY,0
2328,Crittenden,KY,0
2329,Union,KY,0
2330,Muhlenberg,KY,0
2331,Daviess,KY,0
2332,Edmonson,KY,0
2333,Hardin,KY,0
2334,Bullitt,KY,0
2335,Washington,KY,0
2336,Menifee,KY,0
2337,Clark,KY,0
2338,Rowan,KY,0
2339,Pike,KY,0
2340,Grayson,KY,0
2341,Anderson,KY,0
2342,Spencer,KY,0
2343,Woodford,KY,0
2344,Franklin,KY,0
2345,Elliott,KY,0
2346,Henderson,KY,0
2347,Meade,KY,0
2348,Jefferson,KY,0
2349,Carter,KY,0
2350,Breckinridge,KY,0
2351,Bourbon,KY,0
2352,Boyd,KY,0
2353,Martin,KY,0
2354,Hancock,KY,0
2355,Bath,KY,0
2356,Greenup,KY,0
2357,Lawrence,KY,0
2358,Grant,KY,0
2359,Nicholas,KY,0
2360,Fleming,KY,0
2361,Scott,KY,0
2362,Kenton,KY,0
2363,Campbell,KY,0
2364,Robertson,KY,0
2365,Lewis,KY,0
2366,Harrison,KY,0
2367,Mason,KY,0
2368,Oldham,KY,0
2369,Shelby,KY,0
2370,Bracken,KY,0
2371,Trimble,KY,0
2372,Carroll,KY,0
2373,Henry,KY,0
2374,Owen,KY,0
2375,Pendleton,KY,0
2376,Gallatin,KY,0
2377,Boone,KY,0
352,Acadia,LA,0
353,Allen,LA,0
354,Ascension,LA,0
355,Assumption,LA,0
356,Avoyelles,LA,0
357,Beauregard,LA,0
358,Bienville,LA,0
359,Bossier,LA,0
360,Caddo,LA,0
361,Calcasieu,LA,0
362,Caldwell,LA,0
363,Cameron,LA,0
364,Catahoula,LA,0
365,Claiborne,LA,0
366,Concordia,LA,0
367,De Soto,LA,0
368,East Baton Rouge,LA,0
369,East Carroll,LA,0
370,East Feliciana,LA,0
371,Evangeline,LA,0
372,Franklin,LA,0
373,Grant,LA,0
374,Iberia,LA,0
375,Iberville,LA,0
376,Jackson,LA,0
377,Jefferson,LA,0
378,Jefferson Davis,LA,0
379,Lafayette,LA,0
380,Lafourche,LA,0
381,La Salle,LA,0
382,Lincoln,LA,0
383,Livingston,LA,0
384,Madison,LA,0
385,Morehouse,LA,0
386,Natchitoches,LA,0
387,Orleans,LA,0
388,Ouachita,LA,0
389,Plaquemines,LA,0
390,Pointe Coupee,LA,0
391,Rapides,LA,0
392,Red River,LA,0
393,Richland,LA,0
394,Sabine,LA,0
395,St. Bernard,LA,0
396,St. Charles,LA,0
397,St. Helena,LA,0
398,St. James,LA,0
399,St. John The Baptist,LA,0
400,St. Landry,LA,0
401,St. Martin,LA,0
402,St. Mary,LA,0
403,St. Tammany,LA,0
404,Tangipahoa,LA,0
405,Tensas,LA,0
406,Terrebonne,LA,0
407,Union,LA,0
408,Vermilion,LA,0
409,Vernon,LA,0
410,Washington,LA,0
411,Webster,LA,0
412,West Baton Rouge,LA,0
413,West Carroll,LA,0
414,West Feliciana,LA,0
415,Winn,LA,0
4885,Abbot,ME,0
4886,Acton,ME,0
4887,Addison,ME,0
4888,Bancroft,ME,0
4889,Albion,ME,0
4890,Alexander,ME,0
4891,Alfred,ME,0
4892,Allagash,ME,0
4893,Alna,ME,0
4894,Alton,ME,0
4895,Amherst,ME,0
4896,Amity,ME,0
4897,Andover,ME,0
4898,Anson,ME,0
4899,Appleton,ME,0
4901,Arrowsic,ME,0
4902,Arundel,ME,0
4903,Ashland,ME,0
4904,Athens,ME,0
4905,Atkinson,ME,0
4906,Auburn,ME,0
4907,Augusta,ME,0
4908,Aurora,ME,0
4909,Avon,ME,0
4910,Baileyville,ME,0
4911,Baldwin,ME,0
4912,Bangor,ME,0
4913,Bar Harbor,ME,0
4914,Baring Plt,ME,0
4915,Bath,ME,0
4916,Beals,ME,0
4917,Beaver Cove,ME,0
4918,Beddington,ME,0
4919,Belfast,ME,0
4920,Belgrade,ME,0
4921,Belmont,ME,0
4922,Benton,ME,0
4923,Berwick,ME,0
4924,Bethel,ME,0
4925,Biddeford,ME,0
4926,Bingham,ME,0
4927,Blaine,ME,0
4928,Blue Hill,ME,0
4929,Boothbay,ME,0
4930,Boothbay Harbor,ME,0
4931,Bowdoin,ME,0
4932,Bowdoinham,ME,0
4933,Bowerbank,ME,0
4934,Bradford,ME,0
4935,Bradley,ME,0
4936,Bremen,ME,0
4937,Brewer,ME,0
4938,Bridgewater,ME,0
4939,Bridgton,ME,0
4940,Brighton Plt,ME,0
4941,Bristol,ME,0
4942,Brooklin,ME,0
4943,Brooks,ME,0
4944,Brooksville,ME,0
4945,Brownfield,ME,0
4946,Brownville,ME,0
4947,Brunswick,ME,0
4948,Buckfield,ME,0
4949,Bucksport,ME,0
4950,Burlington,ME,0
4951,Burnham,ME,0
4952,Buxton,ME,0
4953,Byron,ME,0
4954,Calais,ME,0
4955,Cambridge,ME,0
4956,Camden,ME,0
4957,Canaan,ME,0
4958,Canton,ME,0
4960,Caratunk,ME,0
4961,Caribou,ME,0
4962,Carmel,ME,0
4963,Carrabassett Valley,ME,0
4964,Carroll Plt,ME,0
4965,Carthage,ME,0
4966,Cary Plt,ME,0
4967,Casco,ME,0
4968,Castine,ME,0
4969,Castle Hill,ME,0
4970,Caswell,ME,0
4971,Chapman,ME,0
4972,Charleston,ME,0
4973,Charlotte,ME,0
4974,Chebeague Island,ME,0
4975,Chelsea,ME,0
4976,Cherryfield,ME,0
4977,Chester,ME,0
4978,Chesterville,ME,0
4979,China,ME,0
4980,Clifton,ME,0
4981,Clinton,ME,0
4982,Columbia,ME,0
4983,Columbia Falls,ME,0
4984,Cooper,ME,0
4985,Coplin Plt,ME,0
4986,Corinna,ME,0
4987,Corinth,ME,0
4988,Cornish,ME,0
4989,Cornville,ME,0
4990,Cranberry Isles,ME,0
4991,Crawford,ME,0
4992,Cross Lake Twp,ME,0
4993,Crystal,ME,0
4994,Cumberland,ME,0
4995,Cushing,ME,0
4996,Cutler,ME,0
4997,Cyr Plt,ME,0
4998,Dallas Plt,ME,0
4999,Damariscotta,ME,0
5000,Danforth,ME,0
5001,Dayton,ME,0
5002,Deblois,ME,0
5003,Dedham,ME,0
5004,Deer Isle,ME,0
5005,Denmark,ME,0
5006,Dennistown Plt,ME,0
5007,Dennysville,ME,0
5008,Detroit,ME,0
5009,Dexter,ME,0
5010,Dixfield,ME,0
5011,Dixmont,ME,0
5012,Dover-Foxcroft,ME,0
5013,Dresden,ME,0
5014,Drew Plt,ME,0
5015,Durham,ME,0
5016,Dyer Brook,ME,0
5017,Eagle Lake,ME,0
5018,East Machias,ME,0
5019,East Millinocket,ME,0
5020,Eastbrook,ME,0
5021,Easton,ME,0
5022,Eastport,ME,0
5023,Eddington,ME,0
5024,Edgecomb,ME,0
5025,Edinburg,ME,0
5026,Eliot,ME,0
5027,Ellsworth,ME,0
5028,Embden,ME,0
5029,Enfield,ME,0
5030,Etna,ME,0
5031,Eustis,ME,0
5032,Exeter,ME,0
5033,Fairfield,ME,0
5034,Falmouth,ME,0
5035,Farmingdale,ME,0
5036,Farmington,ME,0
5037,Fayette,ME,0
5038,Fort Fairfield,ME,0
5039,Fort Kent,ME,0
5040,Frankfort,ME,0
5041,Franklin,ME,0
5042,Freedom,ME,0
5043,Freeport,ME,0
5044,Frenchboro,ME,0
5045,Frenchville,ME,0
5046,Friendship,ME,0
5047,Frye Island,ME,0
5048,Fryeburg,ME,0
5049,Gardiner,ME,0
5050,Garfield Plt,ME,0
5051,Garland,ME,0
5052,Georgetown,ME,0
5053,Gilead,ME,0
5054,Glenburn,ME,0
5055,Glenwood Plt,ME,0
5056,Gorham,ME,0
5057,Gouldsboro,ME,0
5058,Grand Isle,ME,0
5059,Grand Lake Stream Plt,ME,0
5060,Gray,ME,0
5061,Great Pond,ME,0
5062,Greenbush,ME,0
5063,Greene,ME,0
5064,Greenville,ME,0
5065,Greenwood,ME,0
5066,Guilford,ME,0
5067,Hallowell,ME,0
5068,Hamlin,ME,0
5069,Hammond,ME,0
5070,Hampden,ME,0
5071,Hancock,ME,0
5072,Hanover,ME,0
5073,Harmony,ME,0
5074,Harpswell,ME,0
5075,Harrington,ME,0
5076,Harrison,ME,0
5077,Hartford,ME,0
5078,Hartland,ME,0
5079,Haynesville,ME,0
5080,Hebron,ME,0
5081,Hermon,ME,0
5082,Hersey,ME,0
5083,Highland Plt,ME,0
5084,Hiram,ME,0
5085,Hodgdon,ME,0
5086,Holden,ME,0
5087,Hollis,ME,0
5088,Hope,ME,0
5089,Houlton,ME,0
5090,Howland,ME,0
5091,Hudson,ME,0
5092,Indian Township,ME,0
5093,Industry,ME,0
5094,Island Falls,ME,0
5095,Isle au Haut,ME,0
5096,Islesboro,ME,0
5097,Jackman,ME,0
5098,Jackson,ME,0
5099,Jay,ME,0
5100,Jefferson,ME,0
5101,Jonesboro,ME,0
5102,Jonesport,ME,0
5103,Kenduskeag,ME,0
5104,Kennebunk,ME,0
5105,Kennebunkport,ME,0
5106,Kingfield,ME,0
5107,Kingman Twp,ME,0
5108,Kingsbury Plt,ME,0
5109,Kittery,ME,0
5110,Knox,ME,0
5111,Lagrange,ME,0
5112,Lake View Plt,ME,0
5113,Lakeville,ME,0
5114,Lamoine,ME,0
5115,Lebanon,ME,0
5116,Lee,ME,0
5117,Leeds,ME,0
5118,Levant,ME,0
5119,Lewiston,ME,0
5120,Liberty,ME,0
5121,Limerick,ME,0
5122,Limestone,ME,0
5123,Limington,ME,0
5124,Lincoln,ME,0
5125,Lincoln Plt,ME,0
5126,Lincolnville,ME,0
5127,Linneus,ME,0
5128,Lisbon,ME,0
5129,Litchfield,ME,0
5130,Littleton,ME,0
5131,Livermore,ME,0
5132,Livermore Falls,ME,0
5133,Long Island,ME,0
5134,Lovell,ME,0
5135,Lowell,ME,0
5136,Lubec,ME,0
5137,Ludlow,ME,0
5138,Lyman,ME,0
5139,Machias,ME,0
5140,Machiasport,ME,0
5141,Macwahoc Plt,ME,0
5142,Madawaska,ME,0
5143,Madison,ME,0
5144,Magalloway Plt,ME,0
5145,Manchester,ME,0
5146,Mapleton,ME,0
5147,Mariaville,ME,0
5148,Mars Hill,ME,0
5149,Marshfield,ME,0
5150,Masardis,ME,0
5151,Matinicus Isle Plt,ME,0
5152,Mattawamkeag,ME,0
5153,Maxfield,ME,0
5154,Mechanic Falls,ME,0
5155,Meddybemps,ME,0
5156,Medford,ME,0
5157,Medway,ME,0
5158,Mercer,ME,0
5159,Merrill,ME,0
5160,Mexico,ME,0
5161,Milbridge,ME,0
5162,Milford,ME,0
5163,Millinocket,ME,0
5164,Milo,ME,0
5165,Minot,ME,0
5167,Monhegan Island Plt,ME,0
5168,Monmouth,ME,0
5169,Monroe,ME,0
5170,Monson,ME,0
5171,Monticello,ME,0
5172,Montville,ME,0
5173,Moose River,ME,0
5174,Moro Plt,ME,0
5175,Morrill,ME,0
5176,Moscow,ME,0
5177,Mount Chase,ME,0
5178,Mount Desert,ME,0
5179,Mount Vernon,ME,0
5180,Naples,ME,0
5181,Nashville Plt,ME,0
5182,New Canada,ME,0
5183,New Gloucester,ME,0
5184,New Limerick,ME,0
5185,New Portland,ME,0
5186,New Sharon,ME,0
5187,New Sweden,ME,0
5188,New Vineyard,ME,0
5189,Newburgh,ME,0
5190,Newcastle,ME,0
5191,Newfield,ME,0
5192,Newport,ME,0
5193,Newry,ME,0
5194,Nobleboro,ME,0
5195,Norridgewock,ME,0
5196,North Berwick,ME,0
5197,North Haven,ME,0
5198,North Yarmouth,ME,0
5199,Northfield,ME,0
5200,Northport,ME,0
5201,Norway,ME,0
5202,Oakfield,ME,0
5203,Oakland,ME,0
5204,Ogunquit,ME,0
5205,Old Orchard Beach,ME,0
5206,Old Town,ME,0
5207,Orient,ME,0
5208,Orland,ME,0
5210,Orono,ME,0
5211,Orrington,ME,0
5212,Osborn,ME,0
5213,Otis,ME,0
5214,Otisfield,ME,0
5215,Owls Head,ME,0
5216,Oxbow Plt,ME,0
5217,Oxford,ME,0
5218,Palermo,ME,0
5219,Palmyra,ME,0
5220,Paris,ME,0
5221,Parkman,ME,0
5222,Parsonsfield,ME,0
5223,Passadumkeag,ME,0
5224,Patten,ME,0
5225,Pembroke,ME,0
5226,Penobscot,ME,0
5227,Penobscot Nation Voting District,ME,0
5228,Perham,ME,0
5229,Perry,ME,0
5230,Peru,ME,0
5231,Phillips,ME,0
5232,Phippsburg,ME,0
5233,Pittsfield,ME,0
5234,Pittston,ME,0
5235,Pleasant Point Voting District,ME,0
5236,Pleasant Ridge Plt,ME,0
5237,Plymouth,ME,0
5238,Poland,ME,0
5239,Portage Lake,ME,0
5240,Porter,ME,0
5241,Portland,ME,0
5242,Pownal,ME,0
5243,Prentiss Twp,ME,0
5244,Presque Isle,ME,0
5245,Princeton,ME,0
5246,Prospect,ME,0
5247,Randolph,ME,0
5248,Rangeley,ME,0
5249,Rangeley Plt,ME,0
5250,Raymond,ME,0
5251,Readfield,ME,0
5252,Reed Plt,ME,0
5253,Richmond,ME,0
5254,Ripley,ME,0
5255,Robbinston,ME,0
5256,Rockland,ME,0
5257,Rockport,ME,0
5258,Rockwood Strip Twp,ME,0
5259,Rome,ME,0
5260,Roque Bluffs,ME,0
5261,Roxbury,ME,0
5262,Rumford,ME,0
5263,Sabattus,ME,0
5264,Saco,ME,0
5265,Saint Agatha,ME,0
5266,Saint Albans,ME,0
5267,Saint Francis,ME,0
5268,Saint George,ME,0
5269,Saint John Plt,ME,0
5270,Sandy River Plt,ME,0
5271,Sanford,ME,0
5272,Sangerville,ME,0
5273,Scarborough,ME,0
5274,Searsmont,ME,0
5275,Searsport,ME,0
5276,Sebago,ME,0
5277,Sebec,ME,0
5278,Seboeis Plt,ME,0
5279,Sedgwick,ME,0
5280,Shapleigh,ME,0
5281,Sherman,ME,0
5282,Shirley,ME,0
5283,Sidney,ME,0
5284,Skowhegan,ME,0
5285,Smithfield,ME,0
5286,Smyrna,ME,0
5287,Solon,ME,0
5288,Somerville,ME,0
5289,Sorrento,ME,0
5290,South Berwick,ME,0
5291,South Bristol,ME,0
5292,South Portland,ME,0
5293,South Thomaston,ME,0
5294,Southport,ME,0
5295,Southwest Harbor,ME,0
5296,Springfield,ME,0
5297,Stacyville,ME,0
5298,Standish,ME,0
5299,Starks,ME,0
5300,Stetson,ME,0
5301,Steuben,ME,0
5302,Stockholm,ME,0
5303,Stockton Springs,ME,0
5304,Stoneham,ME,0
5305,Stonington,ME,0
5306,Stow,ME,0
5307,Strong,ME,0
5308,Sullivan,ME,0
5309,Sumner,ME,0
5310,Surry,ME,0
5311,Swans Island,ME,0
5312,Swanville,ME,0
5313,Sweden,ME,0
5314,Talmadge,ME,0
5315,Temple,ME,0
5316,The Forks Plt,ME,0
5317,Thomaston,ME,0
5318,Thorndike,ME,0
5319,Topsfield,ME,0
5320,Topsham,ME,0
5321,Tremont,ME,0
5322,Trenton,ME,0
5323,Troy,ME,0
5324,Turner,ME,0
5325,Union,ME,0
5326,Unity,ME,0
5327,Upton,ME,0
5328,Van Buren,ME,0
5329,Vanceboro,ME,0
5330,Vassalboro,ME,0
5331,Veazie,ME,0
5332,Verona Island,ME,0
5333,Vienna,ME,0
5334,Vinalhaven,ME,0
5335,Wade,ME,0
5336,Waite,ME,0
5337,Waldo,ME,0
5338,Waldoboro,ME,0
5339,Wales,ME,0
5340,Wallagrass,ME,0
5341,Waltham,ME,0
5342,Warren,ME,0
5343,Washburn,ME,0
5344,Washington,ME,0
5345,Waterboro,ME,0
5346,Waterford,ME,0
5347,Waterville,ME,0
5348,Wayne,ME,0
5349,Webster Plt,ME,0
5350,Weld,ME,0
5351,Wellington,ME,0
5352,Wells,ME,0
5353,Wesley,ME,0
5354,West Bath,ME,0
5355,West Forks Plt,ME,0
5356,West Gardiner,ME,0
5357,West Paris,ME,0
5358,Westbrook,ME,0
5359,Westfield,ME,0
5360,Westmanland,ME,0
5361,Weston,ME,0
5362,Westport Island,ME,0
5363,Whitefield,ME,0
5364,Whiting,ME,0
5365,Whitneyville,ME,0
5366,Willimantic,ME,0
5367,Wilton,ME,0
5368,Windham,ME,0
5369,Windsor,ME,0
5370,Winn,ME,0
5371,Winslow,ME,0
5372,Winter Harbor,ME,0
5373,Winterport,ME,0
5374,Winterville Plt,ME,0
5375,Winthrop,ME,0
5376,Wiscasset,ME,0
5377,Woodland,ME,0
5378,Woodstock,ME,0
5379,Woodville,ME,0
5380,Woolwich,ME,0
5382,Yarmouth,ME,0
5383,York,ME,0
5387,Milton,ME,0
5388,Codyville Plt,ME,0
5396,Argyle Twp,ME,0
5397,Madawaska Lake Twp,ME,0
5398,Orneville Twp,ME,0
5399,Wyman Twp,ME,0
5402,Cape Elizabeth,ME,0
6053,Albany Twp,ME,0
1250,Allegany,MD,0
1251,Anne Arundel,MD,0
1252,Baltimore City,MD,0
1253,Baltimore,MD,0
1254,Calvert,MD,0
1255,Caroline,MD,0
1256,Carroll,MD,0
1257,Cecil,MD,0
1258,Charles,MD,0
1259,Dorchester,MD,0
1260,Frederick,MD,0
1261,Garrett,MD,0
1262,Harford,MD,0
1263,Howard,MD,0
1264,Kent,MD,0
1265,Montgomery,MD,0
1266,Prince George's,MD,0
1267,Queen Anne's,MD,0
1268,Saint Mary's,MD,0
1269,Somerset,MD,0
1270,Talbot,MD,0
1271,Washington,MD,0
1272,Wicomico,MD,0
1273,Worcester,MD,0
1,Abington,MA,0
2,Acton,MA,0
3,Acushnet,MA,0
4,Adams,MA,0
5,Agawam,MA,0
6,Alford,MA,0
7,Amesbury,MA,0
8,Amherst,MA,0
9,Andover,MA,0
10,Aquinnah,MA,0
11,Arlington,MA,0
12,Ashburnham,MA,0
13,Ashby,MA,0
14,Ashfield,MA,0
15,Ashland,MA,0
16,Athol,MA,0
17,Attleboro,MA,0
18,Auburn,MA,0
19,Avon,MA,0
20,Ayer,MA,0
21,Barnstable,MA,0
22,Barre,MA,0
23,Becket,MA,0
24,Bedford,MA,0
25,Belchertown,MA,0
26,Bellingham,MA,0
27,Belmont,MA,0
28,Berkley,MA,0
29,Berlin,MA,0
30,Bernardston,MA,0
31,Beverly,MA,0
32,Billerica,MA,0
33,Blackstone,MA,0
34,Blandford,MA,0
35,Bolton,MA,0
36,Boston,MA,0
37,Bourne,MA,0
38,Boxborough,MA,0
39,Boxford,MA,0
40,Boylston,MA,0
41,Braintree,MA,0
42,Brewster,MA,0
43,Bridgewater,MA,0
44,Brimfield,MA,0
45,Brockton,MA,0
46,Brookfield,MA,0
47,Brookline,MA,0
48,Buckland,MA,0
49,Burlington,MA,0
50,Cambridge,MA,0
51,Canton,MA,0
52,Carlisle,MA,0
53,Carver,MA,0
54,Charlemont,MA,0
55,Charlton,MA,0
56,Chatham,MA,0
57,Chelmsford,MA,0
58,Chelsea,MA,0
59,Cheshire,MA,0
60,Chester,MA,0
61,Chesterfield,MA,0
62,Chicopee,MA,0
63,Chilmark,MA,0
64,Clarksburg,MA,0
65,Clinton,MA,0
66,Cohasset,MA,0
67,Colrain,MA,0
68,Concord,MA,0
69,Conway,MA,0
70,Cummington,MA,0
71,Dalton,MA,0
72,Danvers,MA,0
73,Dartmouth,MA,0
74,Dedham,MA,0
75,Deerfield,MA,0
76,Dennis,MA,0
77,Dighton,MA,0
78,Douglas,MA,0
79,Dover,MA,0
80,Dracut,MA,0
81,Dudley,MA,0
82,Dunstable,MA,0
83,Duxbury,MA,0
84,East Bridgewater,MA,0
85,East Brookfield,MA,0
86,East Longmeadow,MA,0
87,Eastham,MA,0
88,Easthampton,MA,0
89,Easton,MA,0
90,Edgartown,MA,0
91,Egremont,MA,0
92,Erving,MA,0
93,Essex,MA,0
94,Everett,MA,0
95,Fairhaven,MA,0
96,Fall River,MA,0
97,Falmouth,MA,0
98,Fitchburg,MA,0
99,Florida,MA,0
100,Foxborough,MA,0
101,Framingham,MA,0
102,Franklin,MA,0
103,Freetown,MA,0
104,Gardner,MA,0
105,Georgetown,MA,0
106,Gill,MA,0
107,Gloucester,MA,0
108,Goshen,MA,0
109,Gosnold,MA,0
110,Grafton,MA,0
111,Granby,MA,0
112,Granville,MA,0
113,Great Barrington,MA,0
114,Greenfield,MA,0
115,Groton,MA,0
116,Groveland,MA,0
117,Hadley,MA,0
118,Halifax,MA,0
119,Hamilton,MA,0
120,Hampden,MA,0
121,Hancock,MA,0
122,Hanover,MA,0
123,Hanson,MA,0
124,Hardwick,MA,0
125,Harvard,MA,0
126,Harwich,MA,0
127,Hatfield,MA,0
128,Haverhill,MA,0
129,Hawley,MA,0
130,Heath,MA,0
131,Hingham,MA,0
132,Hinsdale,MA,0
133,Holbrook,MA,0
134,Holden,MA,0
135,Holland,MA,0
136,Holliston,MA,0
137,Holyoke,MA,0
138,Hopedale,MA,0
139,Hopkinton,MA,0
140,Hubbardston,MA,0
141,Hudson,MA,0
142,Hull,MA,0
143,Huntington,MA,0
144,Ipswich,MA,0
145,Kingston,MA,0
146,Lakeville,MA,0
147,Lancaster,MA,0
148,Lanesborough,MA,0
149,Lawrence,MA,0
150,Lee,MA,0
151,Leicester,MA,0
152,Lenox,MA,0
153,Leominster,MA,0
154,Leverett,MA,0
155,Lexington,MA,0
156,Leyden,MA,0
157,Lincoln,MA,0
158,Littleton,MA,0
159,Longmeadow,MA,0
160,Lowell,MA,0
161,Ludlow,MA,0
162,Lunenburg,MA,0
163,Lynn,MA,0
164,Lynnfield,MA,0
165,Malden,MA,0
166,Manchester-by-the-Sea,MA,0
167,Mansfield,MA,0
168,Marblehead,MA,0
169,Marion,MA,0
170,Marlborough,MA,0
171,Marshfield,MA,0
172,Mashpee,MA,0
173,Mattapoisett,MA,0
174,Maynard,MA,0
175,Medfield,MA,0
176,Medford,MA,0
177,Medway,MA,0
178,Melrose,MA,0
179,Mendon,MA,0
180,Merrimac,MA,0
181,Methuen,MA,0
182,Middleborough,MA,0
183,Middlefield,MA,0
184,Middleton,MA,0
185,Milford,MA,0
186,Millbury,MA,0
187,Millis,MA,0
188,Millville,MA,0
189,Milton,MA,0
190,Monroe,MA,0
191,Monson,MA,0
192,Montague,MA,0
193,Monterey,MA,0
194,Montgomery,MA,0
195,Mount Washington,MA,0
196,Nahant,MA,0
197,Nantucket,MA,0
198,Natick,MA,0
199,Needham,MA,0
200,New Ashford,MA,0
201,New Bedford,MA,0
202,New Braintree,MA,0
203,New Marlborough,MA,0
204,New Salem,MA,0
205,Newbury,MA,0
206,Newburyport,MA,0
207,Newton,MA,0
208,Norfolk,MA,0
209,North Adams,MA,0
210,North Andover,MA,0
211,North Attleborough,MA,0
212,North Brookfield,MA,0
213,North Reading,MA,0
214,Northampton,MA,0
215,Northborough,MA,0
216,Northbridge,MA,0
217,Northfield,MA,0
218,Norton,MA,0
219,Norwell,MA,0
220,Norwood,MA,0
221,Oak Bluffs,MA,0
222,Oakham,MA,0
223,Orange,MA,0
224,Orleans,MA,0
225,Otis,MA,0
226,Oxford,MA,0
227,Palmer,MA,0
228,Paxton,MA,0
229,Peabody,MA,0
230,Pelham,MA,0
231,Pembroke,MA,0
232,Pepperell,MA,0
233,Peru,MA,0
234,Petersham,MA,0
235,Phillipston,MA,0
236,Pittsfield,MA,0
237,Plainfield,MA,0
238,Plainville,MA,0
239,Plymouth,MA,0
240,Plympton,MA,0
241,Princeton,MA,0
242,Provincetown,MA,0
243,Quincy,MA,0
244,Randolph,MA,0
245,Raynham,MA,0
246,Reading,MA,0
247,Rehoboth,MA,0
248,Revere,MA,0
249,Richmond,MA,0
250,Rochester,MA,0
251,Rockland,MA,0
252,Rockport,MA,0
253,Rowe,MA,0
254,Rowley,MA,0
255,Royalston,MA,0
256,Russell,MA,0
257,Rutland,MA,0
258,Salem,MA,0
259,Salisbury,MA,0
260,Sandisfield,MA,0
261,Sandwich,MA,0
262,Saugus,MA,0
263,Savoy,MA,0
264,Scituate,MA,0
265,Seekonk,MA,0
266,Sharon,MA,0
267,Sheffield,MA,0
268,Shelburne,MA,0
269,Sherborn,MA,0
270,Shirley,MA,0
271,Shrewsbury,MA,0
272,Shutesbury,MA,0
273,Somerset,MA,0
274,Somerville,MA,0
275,South Hadley,MA,0
276,Southampton,MA,0
277,Southborough,MA,0
278,Southbridge,MA,0
279,Southwick,MA,0
280,Spencer,MA,0
281,Springfield,MA,0
282,Sterling,MA,0
283,Stockbridge,MA,0
284,Stoneham,MA,0
285,Stoughton,MA,0
286,Stow,MA,0
287,Sturbridge,MA,0
288,Sudbury,MA,0
289,Sunderland,MA,0
290,Sutton,MA,0
291,Swampscott,MA,0
292,Swansea,MA,0
293,Taunton,MA,0
294,Templeton,MA,0
295,Tewksbury,MA,0
296,Tisbury,MA,0
297,Tolland,MA,0
298,Topsfield,MA,0
299,Townsend,MA,0
300,Truro,MA,0
301,Tyngsborough,MA,0
302,Tyringham,MA,0
303,Upton,MA,0
304,Uxbridge,MA,0
305,Wakefield,MA,0
306,Wales,MA,0
307,Walpole,MA,0
308,Waltham,MA,0
309,Ware,MA,0
310,Wareham,MA,0
311,Warren,MA,0
312,Warwick,MA,0
313,Washington,MA,0
314,Watertown,MA,0
315,Wayland,MA,0
316,Webster,MA,0
317,Wellesley,MA,0
318,Wellfleet,MA,0
319,Wendell,MA,0
320,Wenham,MA,0
321,West Boylston,MA,0
322,West Bridgewater,MA,0
323,West Brookfield,MA,0
324,West Newbury,MA,0
325,West Springfield,MA,0
326,West Stockbridge,MA,0
327,West Tisbury,MA,0
328,Westborough,MA,0
329,Westfield,MA,0
330,Westford,MA,0
331,Westhampton,MA,0
332,Westminster,MA,0
333,Weston,MA,0
334,Westport,MA,0
335,Westwood,MA,0
336,Weymouth,MA,0
337,Whately,MA,0
338,Whitman,MA,0
339,Wilbraham,MA,0
340,Williamsburg,MA,0
341,Williamstown,MA,0
342,Wilmington,MA,0
343,Winchendon,MA,0
344,Winchester,MA,0
345,Windsor,MA,0
346,Winthrop,MA,0
347,Woburn,MA,0
348,Worcester,MA,0
349,Worthington,MA,0
350,Wrentham,MA,0
351,Yarmouth,MA,0
2445,Gogebic,MI,0
2446,Ontonagon,MI,0
2447,Iron,MI,0
2448,Baraga,MI,0
2449,Houghton,MI,0
2450,Keweenaw,MI,0
2451,Marquette,MI,0
2452,Barry,MI,0
2453,Alger,MI,0
2454,Roscommon,MI,0
2455,Delta,MI,0
2456,Chippewa,MI,0
2457,Schoolcraft,MI,0
2458,Dickinson,MI,0
2459,Menominee,MI,0
2460,Luce,MI,0
2461,Mackinac,MI,0
2462,Wexford,MI,0
2463,Presque Isle,MI,0
2464,Oscoda,MI,0
2465,Otsego,MI,0
2466,Osceola,MI,0
2467,Missaukee,MI,0
2468,Montmorency,MI,0
2469,Oceana,MI,0
2470,Ogemaw,MI,0
2471,Van Buren,MI,0
2472,Allegan,MI,0
2473,Lake,MI,0
2474,Mecosta,MI,0
2475,Mason,MI,0
2476,Kalkaska,MI,0
2477,Manistee,MI,0
2478,Leelanau,MI,0
2479,Iosco,MI,0
2480,Emmet,MI,0
2481,Gladwin,MI,0
2482,Gratiot,MI,0
2483,Charlevoix,MI,0
2484,Cheboygan,MI,0
2485,Clare,MI,0
2486,Crawford,MI,0
2487,Montcalm,MI,0
2488,Antrim,MI,0
2489,Arenac,MI,0
2490,Benzie,MI,0
2491,Alpena,MI,0
2492,Alcona,MI,0
2493,Isabella,MI,0
2494,Newaygo,MI,0
2495,Ionia,MI,0
2496,Clinton,MI,0
2497,Calhoun,MI,0
2498,Eaton,MI,0
2499,Hillsdale,MI,0
2500,St. Joseph,MI,0
2501,Shiawassee,MI,0
2502,Cass,MI,0
2503,Berrien,MI,0
2504,Midland,MI,0
2505,Grand Traverse,MI,0
2506,Muskegon,MI,0
2507,Ottawa,MI,0
2508,Oakland,MI,0
2509,Kent,MI,0
2510,Livingston,MI,0
2511,Washtenaw,MI,0
2512,Ingham,MI,0
2513,Kalamazoo,MI,0
2514,Lenawee,MI,0
2515,Branch,MI,0
2516,Monroe,MI,0
2517,Macomb,MI,0
2518,Wayne,MI,0
2519,Jackson,MI,0
2520,St. Clair,MI,0
2521,Lapeer,MI,0
2522,Sanilac,MI,0
2523,Huron,MI,0
2524,Tuscola,MI,0
2525,Saginaw,MI,0
2526,Genesee,MI,0
2527,Bay,MI,0
4410,Aitkin,MN,0
4411,Anoka,MN,0
4412,Becker,MN,0
4413,Beltrami,MN,0
4414,Benton,MN,0
4415,Big Stone,MN,0
4416,Blue Earth,MN,0
4417,Brown,MN,0
4418,Carlton,MN,0
4419,Carver,MN,0
4420,Cass,MN,0
4421,Chippewa,MN,0
4422,Chisago,MN,0
4423,Clay,MN,0
4424,Clearwater,MN,0
4425,Cook,MN,0
4426,Cottonwood,MN,0
4427,Crow Wing,MN,0
4428,Dakota,MN,0
4429,Dodge,MN,0
4430,Douglas,MN,0
4431,Faribault,MN,0
4432,Fillmore,MN,0
4433,Freeborn,MN,0
4434,Goodhue,MN,0
4435,Grant,MN,0
4436,Hennepin,MN,0
4437,Houston,MN,0
4438,Hubbard,MN,0
4439,Isanti,MN,0
4440,Itasca,MN,0
4441,Jackson,MN,0
4442,Kanabec,MN,0
4443,Kandiyohi,MN,0
4444,Kittson,MN,0
4445,Koochiching,MN,0
4446,Lac qui Parle,MN,0
4447,Lake,MN,0
4448,Lake of the Woods,MN,0
4449,Le Sueur,MN,0
4450,Lincoln,MN,0
4451,Lyon,MN,0
4452,McLeod,MN,0
4453,Mahnomen,MN,0
4454,Marshall,MN,0
4455,Martin,MN,0
4456,Meeker,MN,0
4457,Mille Lacs,MN,0
4458,Morrison,MN,0
4459,Mower,MN,0
4460,Murray,MN,0
4461,Nicollet,MN,0
4462,Nobles,MN,0
4463,Norman,MN,0
4464,Olmsted,MN,0
4465,Otter Tail,MN,0
4466,Pennington,MN,0
4467,Pine,MN,0
4468,Pipestone,MN,0
4469,Polk,MN,0
4470,Pope,MN,0
4471,Ramsey,MN,0
4472,Red Lake,MN,0
4473,Redwood,MN,0
4474,Renville,MN,0
4475,Rice,MN,0
4476,Rock,MN,0
4477,Roseau,MN,0
4478,St. Louis,MN,0
4479,Scott,MN,0
4480,Sherburne,MN,0
4481,Sibley,MN,0
4482,Stearns,MN,0
4483,Steele,MN,0
4484,Stevens,MN,0
4485,Swift,MN,0
4486,Todd,MN,0
4487,Traverse,MN,0
4488,Wabasha,MN,0
4489,Wadena,MN,0
4490,Waseca,MN,0
4491,Washington,MN,0
4492,Watonwan,MN,0
4493,Wilkin,MN,0
4494,Winona,MN,0
4495,Wright,MN,0
4496,Yellow Medicine,MN,0
2529,DeSoto,MS,0
2530,Marshall,MS,0
2531,Benton,MS,0
2532,Tippah,MS,0
2533,Alcorn,MS,0
2534,Tishomingo,MS,0
2535,Itawamba,MS,0
2536,Prentiss,MS,0
2537,Union,MS,0
2538,Monroe,MS,0
2539,Lowndes,MS,0
2540,Lee,MS,0
2541,Lafayette,MS,0
2542,Tate,MS,0
2543,Tunica,MS,0
2544,Coahoma,MS,0
2545,Quitman,MS,0
2546,Panola,MS,0
2547,Yalobusha,MS,0
2548,Calhoun,MS,0
2549,Tallahatchie,MS,0
2550,Bolivar,MS,0
2551,Pontotoc,MS,0
2552,Chickasaw,MS,0
2553,Winston,MS,0
2554,Noxubee,MS,0
2555,Kemper,MS,0
2556,Lauderdale,MS,0
2557,Neshoba,MS,0
2558,Clay,MS,0
2559,Webster,MS,0
2560,Montgomery,MS,0
2561,Choctaw,MS,0
2562,Grenada,MS,0
2563,Leflore,MS,0
2564,Sunflower,MS,0
2565,Washington,MS,0
2566,Humphreys,MS,0
2567,Holmes,MS,0
2568,Carroll,MS,0
2569,Attala,MS,0
2570,Leake,MS,0
2571,Oktibbeha,MS,0
2572,Newton,MS,0
2573,Clarke,MS,0
2574,Jones,MS,0
2575,Jasper,MS,0
2576,Scott,MS,0
2577,Madison,MS,0
2578,Yazoo,MS,0
2579,Sharkey,MS,0
2580,Issaquena,MS,0
2581,Warren,MS,0
2582,Hinds,MS,0
2583,Rankin,MS,0
2584,Covington,MS,0
2585,Wayne,MS,0
2586,Forrest,MS,0
2587,Greene,MS,0
2588,Perry,MS,0
2589,George,MS,0
2590,Smith,MS,0
2591,Simpson,MS,0
2592,Lamar,MS,0
2593,Stone,MS,0
2594,Jackson,MS,0
2595,Harrison,MS,0
2596,Hancock,MS,0
2597,Pearl River,MS,0
2598,Marion,MS,0
2599,Walthall,MS,0
2600,Lawrence,MS,0
2601,Jefferson Davis,MS,0
2602,Lincoln,MS,0
2603,Pike,MS,0
2604,Copiah,MS,0
2605,Jefferson,MS,0
2606,Claiborne,MS,0
2607,Adams,MS,0
2608,Franklin,MS,0
2609,Amite,MS,0
2610,Wilkinson,MS,0
1134,Adair,MO,0
1135,Andrew,MO,0
1136,Atchison,MO,0
1137,Audrain,MO,0
1138,Barry,MO,0
1139,Barton,MO,0
1140,Bates,MO,0
1141,Benton,MO,0
1142,Bollinger,MO,0
1143,Boone,MO,0
1144,Buchanan,MO,0
1145,Butler,MO,0
1146,Caldwell,MO,0
1147,Callaway,MO,0
1148,Camden,MO,0
1149,Cape Girardeau,MO,0
1150,Carroll,MO,0
1151,Carter,MO,0
1152,Cass,MO,0
1153,Cedar,MO,0
1154,Chariton,MO,0
1155,Christian,MO,0
1156,Clark,MO,0
1157,Clay,MO,0
1158,Clinton,MO,0
1159,Cole,MO,0
1160,Cooper,MO,0
1161,Crawford,MO,0
1162,Dade,MO,0
1163,Dallas,MO,0
1164,Daviess,MO,0
1165,DeKalb,MO,0
1166,Dent,MO,0
1167,Douglas,MO,0
1168,Dunklin,MO,0
1169,Franklin,MO,0
1170,Gasconade,MO,0
1171,Gentry,MO,0
1172,Greene,MO,0
1173,Grundy,MO,0
1174,Harrison,MO,0
1175,Henry,MO,0
1176,Hickory,MO,0
1177,Holt,MO,0
1178,Howard,MO,0
1179,Howell,MO,0
1180,Iron,MO,0
1181,Jackson,MO,0
1182,Jasper,MO,0
1183,Jefferson,MO,0
1184,Johnson,MO,0
1186,Knox,MO,0
1187,Laclede,MO,0
1188,Lafayette,MO,0
1189,Lawrence,MO,0
1190,Lewis,MO,0
1191,Lincoln,MO,0
1192,Linn,MO,0
1193,Livingston,MO,0
1194,Macon,MO,0
1195,Madison,MO,0
1196,Maries,MO,0
1197,Marion,MO,0
1198,McDonald,MO,0
1199,Mercer,MO,0
1200,Miller,MO,0
1201,Mississippi,MO,0
1202,Moniteau,MO,0
1203,Monroe,MO,0
1204,Montgomery,MO,0
1205,Morgan,MO,0
1206,New Madrid,MO,0
1207,Newton,MO,0
1208,Nodaway,MO,0
1209,Oregon,MO,0
1210,Osage,MO,0
1211,Ozark,MO,0
1212,Pemiscot,MO,0
1213,Perry,MO,0
1214,Pettis,MO,0
1215,Phelps,MO,0
1216,Pike,MO,0
1217,Platte,MO,0
1218,Polk,MO,0
1219,Pulaski,MO,0
1220,Putnam,MO,0
1221,Ralls,MO,0
1222,Randolph,MO,0
1223,Ray,MO,0
1224,Reynolds,MO,0
1225,Ripley,MO,0
1226,Saline,MO,0
1227,Schuyler,MO,0
1228,Scotland,MO,0
1229,Scott,MO,0
1230,Shannon,MO,0
1231,Shelby,MO,0
1232,St. Charles,MO,0
1233,St. Clair,MO,0
1234,St. Francois,MO,0
1235,St. Louis,MO,0
1236,St. Louis City,MO,0
1237,Ste. Genevieve,MO,0
1238,Stoddard,MO,0
1239,Stone,MO,0
1240,Sullivan,MO,0
1241,Taney,MO,0
1242,Texas,MO,0
1243,Vernon,MO,0
1244,Warren,MO,0
1245,Washington,MO,0
1246,Wayne,MO,0
1247,Webster,MO,0
1248,Worth,MO,0
1249,Wright,MO,0
2612,Beaverhead,MT,0
2613,Madison,MT,0
2614,Silver Bow,MT,0
2615,Gallatin,MT,0
2616,Park,MT,0
2617,Carbon,MT,0
2618,Big Horn,MT,0
2619,Powder River,MT,0
2620,Carter,MT,0
2621,Ravalli,MT,0
2622,Stillwater,MT,0
2623,Custer,MT,0
2624,Fallon,MT,0
2625,Treasure,MT,0
2626,Rosebud,MT,0
2627,Wibaux,MT,0
2628,Prairie,MT,0
2629,Deer Lodge,MT,0
2630,Jefferson,MT,0
2631,Lewis and Clark,MT,0
2632,Yellowstone,MT,0
2633,Granite,MT,0
2634,Missoula,MT,0
2635,Broadwater,MT,0
2636,Meagher,MT,0
2637,Sweet Grass,MT,0
2638,Cascade,MT,0
2639,Wheatland,MT,0
2640,Powell,MT,0
2641,Dawson,MT,0
2642,Mineral,MT,0
2643,Lake,MT,0
2644,Judith Basin,MT,0
2645,Fergus,MT,0
2646,Sanders,MT,0
2647,Teton,MT,0
2648,Lincoln,MT,0
2649,Flathead,MT,0
2650,Pondera,MT,0
2651,Chouteau,MT,0
2652,Golden Valley,MT,0
2653,Musselshell,MT,0
2654,Garfield,MT,0
2655,McCone,MT,0
2656,Roosevelt,MT,0
2657,Richland,MT,0
2658,Glacier,MT,0
2659,Hill,MT,0
2660,Blaine,MT,0
2661,Petroleum,MT,0
2662,Valley,MT,0
2663,Toole,MT,0
2664,Liberty,MT,0
2665,Phillips,MT,0
2666,Daniels,MT,0
2667,Sheridan,MT,0
1041,Adams,NE,0
1042,Antelope,NE,0
1043,Arthur,NE,0
1044,Banner,NE,0
1045,Blaine,NE,0
1046,Boone,NE,0
1047,Box Butte,NE,0
1048,Boyd,NE,0
1049,Brown,NE,0
1050,Buffalo,NE,0
1051,Burt,NE,0
1052,Butler,NE,0
1053,Cass,NE,0
1054,Cedar,NE,0
1055,Chase,NE,0
1056,Cherry,NE,0
1057,Cheyenne,NE,0
1058,Clay,NE,0
1059,Colfax,NE,0
1060,Cuming,NE,0
1061,Custer,NE,0
1062,Dakota,NE,0
1063,Dawes,NE,0
1064,Dawson,NE,0
1065,Deuel,NE,0
1066,Dixon,NE,0
1067,Dodge,NE,0
1068,Douglas,NE,0
1069,Dundy,NE,0
1070,Fillmore,NE,0
1071,Franklin,NE,0
1072,Frontier,NE,0
1073,Furnas,NE,0
1074,Gage,NE,0
1075,Garden,NE,0
1076,Garfield,NE,0
1077,Gosper,NE,0
1078,Grant,NE,0
1079,Greeley,NE,0
1080,Hall,NE,0
1081,Hamilton,NE,0
1082,Harlan,NE,0
1083,Hayes,NE,0
1084,Hitchcock,NE,0
1085,Holt,NE,0
1086,Hooker,NE,0
1087,Howard,NE,0
1088,Jefferson,NE,0
1089,Johnson,NE,0
1090,Kearney,NE,0
1091,Keith,NE,0
1092,Keya Paha,NE,0
1093,Kimball,NE,0
1094,Knox,NE,0
1095,Lancaster,NE,0
1096,Lincoln,NE,0
1097,Logan,NE,0
1098,Loup,NE,0
1099,Madison,NE,0
1100,McPherson,NE,0
1101,Merrick,NE,0
1102,Morrill,NE,0
1103,Nance,NE,0
1104,Nemaha,NE,0
1105,Nuckolls,NE,0
1106,Otoe,NE,0
1107,Pawnee,NE,0
1108,Perkins,NE,0
1109,Phelps,NE,0
1110,Pierce,NE,0
1111,Platte,NE,0
1112,Polk,NE,0
1113,Red Willow,NE,0
1114,Richardson,NE,0
1115,Rock,NE,0
1116,Saline,NE,0
1118,Saunders,NE,0
1119,Scotts Bluff,NE,0
1120,Seward,NE,0
1121,Sheridan,NE,0
1122,Sherman,NE,0
1123,Sioux,NE,0
1124,Stanton,NE,0
1125,Thayer,NE,0
1126,Thomas,NE,0
1127,Thurston,NE,0
1128,Valley,NE,0
1129,Washington,NE,0
1130,Wayne,NE,0
1131,Webster,NE,0
1132,Wheeler,NE,0
1133,York,NE,0
5400,Sarpy,NE,0
2668,Clark,NV,0
2669,Esmeralda,NV,0
2670,Mineral,NV,0
2671,Lyon,NV,0
2672,Douglas,NV,0
2673,Carson City,NV,0
2674,Lander,NV,0
2675,Nye,NV,0
2676,Storey,NV,0
2677,Washoe,NV,0
2678,Churchill,NV,0
2679,Lincoln,NV,0
2680,White Pine,NV,0
2681,Pershing,NV,0
2682,Eureka,NV,0
2683,Humboldt,NV,0
2684,Elko,NV,0
3963,Rindge,NH,0
3964,New Ipswich,NH,0
3965,Mason,NH,0
3966,Brookline,NH,0
3967,Hollis,NH,0
3971,Hudson,NH,0
3972,Pelham,NH,0
3973,Jaffrey,NH,0
3974,Greenville,NH,0
3975,Nashua,NH,0
3979,Fitzwilliam,NH,0
3980,Troy,NH,0
3981,Harrisville,NH,0
3982,Temple,NH,0
3983,Lyndeborough,NH,0
3984,Wilton,NH,0
3987,Windham,NH,0
3988,Richmond,NH,0
3989,Swanzey,NH,0
3990,Dublin,NH,0
3991,Sharon,NH,0
3992,Greenfield,NH,0
3993,Francestown,NH,0
3994,New Boston,NH,0
3995,Milford,NH,0
3996,Amherst,NH,0
3997,Merrimack,NH,0
3998,Litchfield,NH,0
3999,Salem,NH,0
4000,Winchester,NH,0
4002,Keene,NH,0
4003,Marlborough,NH,0
4004,Peterborough,NH,0
4005,Bennington,NH,0
4006,Deering,NH,0
4007,Londonderry,NH,0
4008,Derry,NH,0
4009,Hinsdale,NH,0
4011,Roxbury,NH,0
4012,Antrim,NH,0
4013,Hillsborough,NH,0
4014,Weare,NH,0
4015,Mt Vernon,NH,0
4016,Chesterfield,NH,0
4019,Sullivan,NH,0
4020,Hancock,NH,0
4021,Windsor,NH,0
4022,Bedford,NH,0
4025,Atkinson,NH,0
4026,Plaistow,NH,0
4027,Newton,NH,0
4028,Westmoreland,NH,0
4029,Surry,NH,0
4030,Gilsum,NH,0
4031,Nelson,NH,0
4032,Langdon,NH,0
4033,Acworth,NH,0
4034,Washington,NH,0
4038,Auburn,NH,0
4039,Hampstead,NH,0
4040,South Hampton,NH,0
4041,Walpole,NH,0
4042,Alstead,NH,0
4043,Marlow,NH,0
4044,Stoddard,NH,0
4045,Charlestown,NH,0
4046,Unity,NH,0
4047,Lempster,NH,0
4050,Chester,NH,0
4051,Sandown,NH,0
4052,Danville,NH,0
4053,Kingston,NH,0
4054,East Kingston,NH,0
4055,Kensington,NH,0
4058,Newport,NH,0
4059,Goshen,NH,0
4062,Candia,NH,0
4063,Raymond,NH,0
4064,Exeter,NH,0
4065,Seabrook,NH,0
4066,Cornish,NH,0
4067,Claremont,NH,0
4068,Sunapee,NH,0
4069,Goffstown,NH,0
4071,Deerfield,NH,0
4072,Fremont,NH,0
4073,Brentwood,NH,0
4074,Hampton,NH,0
4075,Hampton Falls,NH,0
4076,Plainfield,NH,0
4077,Croydon,NH,0
4078,Springfield,NH,0
4079,Grafton,NH,0
4081,Manchester,NH,0
4082,Hooksett,NH,0
4083,Northwood,NH,0
4084,Newfields,NH,0
4085,Stratham,NH,0
4087,Grantham,NH,0
4088,Enfield,NH,0
4089,Alexandria,NH,0
4090,Bow,NH,0
4091,Nottingham,NH,0
4092,Epping,NH,0
4093,Newmarket,NH,0
4094,North Hampton,NH,0
4095,Lebanon,NH,0
4097,Canaan,NH,0
4098,Orange,NH,0
4099,Bristol,NH,0
4100,Bridgewater,NH,0
4101,Dunbarton,NH,0
4102,Greenland,NH,0
4103,Hanover,NH,0
4104,Dorchester,NH,0
4105,Groton,NH,0
4106,Hebron,NH,0
4107,Henniker,NH,0
4108,Hopkinton,NH,0
4111,Allenstown,NH,0
4112,Epsom,NH,0
4113,Rye,NH,0
4114,Lyme,NH,0
4115,Plymouth,NH,0
4116,Ashland,NH,0
4119,Pembroke,NH,0
4120,Chichester,NH,0
4122,New Castle,NH,0
4123,Orford,NH,0
4124,Wentworth,NH,0
4125,Rumney,NH,0
4126,Holderness,NH,0
4130,Pittsfield,NH,0
4133,Piermont,NH,0
4134,Warren,NH,0
4135,Ellsworth,NH,0
4136,Campton,NH,0
4139,Loudon,NH,0
4140,Lee,NH,0
4141,Durham,NH,0
4143,Haverhill,NH,0
4144,Benton,NH,0
4145,Woodstock,NH,0
4146,Thornton,NH,0
4147,Waterville Valley,NH,0
4148,Concord,NH,0
4149,Canterbury,NH,0
4150,Portsmouth,NH,0
4151,Bath,NH,0
4152,Landaff,NH,0
4153,Easton,NH,0
4154,Lincoln,NH,0
4155,Bradford,NH,0
4156,Webster,NH,0
4157,Boscawen,NH,0
4158,Barrington,NH,0
4159,Madbury,NH,0
4160,Newington,NH,0
4161,Lyman,NH,0
4162,Lisbon,NH,0
4163,Sugar Hill,NH,0
4164,Franconia,NH,0
4165,Warner,NH,0
4166,Northfield,NH,0
4167,Strafford,NH,0
4171,Monroe,NH,0
4172,Littleton,NH,0
4173,Bethlehem,NH,0
4176,Farmington,NH,0
4178,Dover,NH,0
4180,Newbury,NH,0
4181,Sutton,NH,0
4182,Salisbury,NH,0
4183,Franklin,NH,0
4188,New London,NH,0
4189,Danbury,NH,0
4190,Hill,NH,0
4191,Brookfield,NH,0
4192,Wakefield,NH,0
4194,Somersworth,NH,0
4196,Rollinsford,NH,0
4197,Wilmot,NH,0
4198,Andover,NH,0
4199,Wolfeboro,NH,0
4200,Rochester,NH,0
4204,Tilton,NH,0
4205,Belmont,NH,0
4206,Tuftonboro,NH,0
4207,Ossipee,NH,0
4208,Effingham,NH,0
4209,New Durham,NH,0
4210,Middleton,NH,0
4211,Milton,NH,0
4212,Sanbornton,NH,0
4215,Moultonborough,NH,0
4216,Tamworth,NH,0
4217,Madison,NH,0
4218,Eaton,NH,0
4219,Freedom,NH,0
4220,New Hampton,NH,0
4223,Gilford,NH,0
4224,Gilmanton,NH,0
4225,Sandwich,NH,0
4226,Albany,NH,0
4227,Conway,NH,0
4228,Laconia,NH,0
4230,Barnstead,NH,0
4231,Bartlett,NH,0
4233,Center Harbor,NH,0
4234,Meredith,NH,0
4235,Alton,NH,0
4236,Harts Location,NH,0
4237,Jackson,NH,0
4238,Chatham,NH,0
4239,Dalton,NH,0
4240,Whitefield,NH,0
4241,Carroll,NH,0
4242,Lancaster,NH,0
4243,Jefferson,NH,0
4245,Northumberland,NH,0
4246,Berlin,NH,0
4248,Stark,NH,0
4249,Gorham,NH,0
4250,Stratford,NH,0
4251,Milan,NH,0
4252,Randolph,NH,0
4253,Columbia,NH,0
4254,Dummer,NH,0
4255,Shelburne,NH,0
4256,Colebrook,NH,0
4257,Millsfield,NH,0
4259,Stewartstown,NH,0
4260,Dixville,NH,0
4261,Errol,NH,0
4262,Clarksville,NH,0
4263,Pittsburg,NH,0
2685,Cape May,NJ,0
2686,Cumberland,NJ,0
2687,Atlantic,NJ,0
2688,Gloucester,NJ,0
2689,Salem,NJ,0
2690,Ocean,NJ,0
2691,Monmouth,NJ,0
2692,Camden,NJ,0
2693,Burlington,NJ,0
2694,Middlesex,NJ,0
2695,Mercer,NJ,0
2696,Union,NJ,0
2697,Somerset,NJ,0
2698,Hunterdon,NJ,0
2699,Essex,NJ,0
2700,Warren,NJ,0
2701,Morris,NJ,0
2702,Passaic,NJ,0
2703,Bergen,NJ,0
2704,Hudson,NJ,0
2705,Sussex,NJ,0
2706,Hidalgo,NM,0
2707,Luna,NM,0
2708,Grant,NM,0
2709,Dona Ana,NM,0
2710,Otero,NM,0
2711,Eddy,NM,0
2712,Lea,NM,0
2713,Chaves,NM,0
2714,Sierra,NM,0
2715,Valencia,NM,0
2716,Socorro,NM,0
2717,Torrance,NM,0
2718,Lincoln,NM,0
2719,Catron,NM,0
2720,Bernalillo,NM,0
2721,Guadalupe,NM,0
2722,De Baca,NM,0
2723,Roosevelt,NM,0
2724,Santa Fe,NM,0
2725,Curry,NM,0
2726,Cibola,NM,0
2727,McKinley,NM,0
2728,San Miguel,NM,0
2729,Sandoval,NM,0
2730,Los Alamos,NM,0
2731,San Juan,NM,0
2732,Rio Arriba,NM,0
2733,Taos,NM,0
2734,Mora,NM,0
2735,Quay,NM,0
2736,Colfax,NM,0
2737,Harding,NM,0
2738,Union,NM,0
2739,Richmond,NY,0
2740,Kings,NY,0
2741,Queens,NY,0
2742,Nassau,NY,0
2743,Suffolk,NY,0
2744,Chautauqua,NY,0
2745,Cattaraugus,NY,0
2746,Allegany,NY,0
2747,Steuben,NY,0
2748,Chemung,NY,0
2749,Tioga,NY,0
2750,Yates,NY,0
2751,Schuyler,NY,0
2752,Broome,NY,0
2753,Sullivan,NY,0
2754,Ulster,NY,0
2755,Orange,NY,0
2756,Rockland,NY,0
2757,Erie,NY,0
2758,Livingston,NY,0
2759,Seneca,NY,0
2760,Tompkins,NY,0
2761,Chenango,NY,0
2762,New York,NY,0
2763,Ontario,NY,0
2764,Cortland,NY,0
2765,Otsego,NY,0
2766,Delaware,NY,0
2767,Bronx,NY,0
2768,Wyoming,NY,0
2769,Monroe,NY,0
2770,Cayuga,NY,0
2771,Onondaga,NY,0
2772,Albany,NY,0
2773,Greene,NY,0
2774,Genesee,NY,0
2775,Wayne,NY,0
2776,Orleans,NY,0
2777,Niagara,NY,0
2778,Schenectady,NY,0
2779,Schoharie,NY,0
2780,Madison,NY,0
2781,Montgomery,NY,0
2782,Fulton,NY,0
2783,Oswego,NY,0
2784,Oneida,NY,0
2785,Saratoga,NY,0
2786,Columbia,NY,0
2787,Dutchess,NY,0
2788,Westchester,NY,0
2789,Warren,NY,0
2790,Washington,NY,0
2791,Jefferson,NY,0
2792,Lewis,NY,0
2793,Herkimer,NY,0
2794,Hamilton,NY,0
2795,St. Lawrence,NY,0
2796,Essex,NY,0
2797,Rensselaer,NY,0
2798,Franklin,NY,0
2799,Clinton,NY,0
2800,Putnam,NY,0
914,Alamance,NC,0
915,Alexander,NC,0
916,Alleghany,NC,0
917,Anson,NC,0
918,Ashe,NC,0
919,Avery,NC,0
920,Beaufort,NC,0
921,Bertie,NC,0
922,Bladen,NC,0
923,Brunswick,NC,0
924,Buncombe,NC,0
925,Burke,NC,0
926,Cabarrus,NC,0
927,Caldwell,NC,0
928,Camden,NC,0
929,Carteret,NC,0
930,Caswell,NC,0
931,Catawba,NC,0
932,Chatham,NC,0
933,Cherokee,NC,0
934,Chowan,NC,0
935,Clay,NC,0
936,Cleveland,NC,0
937,Columbus,NC,0
938,Craven,NC,0
939,Cumberland,NC,0
940,Currituck,NC,0
941,Dare,NC,0
942,Davidson,NC,0
943,Davie,NC,0
944,Duplin,NC,0
945,Durham,NC,0
946,Edgecombe,NC,0
947,Forsyth,NC,0
948,Franklin,NC,0
949,Gaston,NC,0
950,Gates,NC,0
951,Graham,NC,0
952,Granville,NC,0
953,Greene,NC,0
954,Guilford,NC,0
955,Halifax,NC,0
956,Harnett,NC,0
957,Haywood,NC,0
958,Henderson,NC,0
959,Hertford,NC,0
960,Hoke,NC,0
961,Hyde,NC,0
962,Iredell,NC,0
963,Jackson,NC,0
964,Johnston,NC,0
965,Jones,NC,0
966,Lee,NC,0
967,Lenoir,NC,0
968,Lincoln,NC,0
969,Macon,NC,0
970,Madison,NC,0
971,Martin,NC,0
972,McDowell,NC,0
973,Mecklenburg,NC,0
974,Mitchell,NC,0
975,Montgomery,NC,0
976,Moore,NC,0
977,Nash,NC,0
978,New Hanover,NC,0
979,Northampton,NC,0
980,Onslow,NC,0
981,Orange,NC,0
982,Pamlico,NC,0
983,Pasquotank,NC,0
984,Pender,NC,0
985,Perquimans,NC,0
986,Person,NC,0
987,Pitt,NC,0
988,Polk,NC,0
989,Randolph,NC,0
990,Richmond,NC,0
991,Robeson,NC,0
992,Rockingham,NC,0
993,Rowan,NC,0
994,Rutherford,NC,0
995,Sampson,NC,0
996,Scotland,NC,0
997,Stanly,NC,0
998,Stokes,NC,0
999,Surry,NC,0
1000,Swain,NC,0
1001,Transylvania,NC,0
1002,Tyrrell,NC,0
1003,Union,NC,0
1004,Vance,NC,0
1005,Wake,NC,0
1006,Warren,NC,0
1007,Washington,NC,0
1008,Watauga,NC,0
1009,Wayne,NC,0
1010,Wilkes,NC,0
1011,Wilson,NC,0
1012,Yadkin,NC,0
1013,Yancey,NC,0
4568,Adams,ND,0
4569,Barnes,ND,0
4570,Benson,ND,0
4571,Billings,ND,0
4572,Bottineau,ND,0
4573,Bowman,ND,0
4574,Burke,ND,0
4575,Burleigh,ND,0
4576,Cass,ND,0
4577,Cavalier,ND,0
4578,Dickey,ND,0
4579,Divide,ND,0
4580,Dunn,ND,0
4581,Eddy,ND,0
4582,Emmons,ND,0
4583,Foster,ND,0
4584,Golden Valley,ND,0
4585,Grand Forks,ND,0
4586,Grant,ND,0
4587,Griggs,ND,0
4588,Hettinger,ND,0
4589,Kidder,ND,0
4590,LaMoure,ND,0
4591,Logan,ND,0
4592,McHenry,ND,0
4593,McIntosh,ND,0
4594,McKenzie,ND,0
4595,McLean,ND,0
4596,Mercer,ND,0
4597,Morton,ND,0
4598,Mountrail,ND,0
4599,Nelson,ND,0
4600,Oliver,ND,0
4601,Pembina,ND,0
4602,Pierce,ND,0
4603,Ramsey,ND,0
4604,Ransom,ND,0
4605,Renville,ND,0
4606,Richland,ND,0
4607,Rolette,ND,0
4608,Sargent,ND,0
4609,Sheridan,ND,0
4610,Sioux,ND,0
4611,Slope,ND,0
4612,Stark,ND,0
4613,Steele,ND,0
4614,Stutsman,ND,0
4615,Towner,ND,0
4616,Traill,ND,0
4617,Walsh,ND,0
4618,Ward,ND,0
4619,Wells,ND,0
4620,Williams,ND,0
787,Adams,OH,0
788,Allen,OH,0
789,Ashland,OH,0
790,Ashtabula,OH,0
791,Athens,OH,0
792,Auglaize,OH,0
793,Belmont,OH,0
794,Brown,OH,0
795,Butler,OH,0
796,Carroll,OH,0
797,Champaign,OH,0
798,Clark,OH,0
799,Clermont,OH,0
800,Clinton,OH,0
801,Columbiana,OH,0
802,Coshocton,OH,0
803,Crawford,OH,0
804,Cuyahoga,OH,0
805,Darke,OH,0
806,Defiance,OH,0
807,Delaware,OH,0
808,Erie,OH,0
809,Fairfield,OH,0
810,Fayette,OH,0
811,Franklin,OH,0
812,Fulton,OH,0
813,Gallia,OH,0
814,Geauga,OH,0
815,Greene,OH,0
816,Guernsey,OH,0
817,Hamilton,OH,0
818,Hancock,OH,0
819,Hardin,OH,0
820,Harrison,OH,0
821,Henry,OH,0
822,Highland,OH,0
823,Hocking,OH,0
824,Holmes,OH,0
825,Huron,OH,0
826,Jackson,OH,0
827,Jefferson,OH,0
828,Knox,OH,0
829,Lake,OH,0
830,Lawrence,OH,0
831,Licking,OH,0
832,Logan,OH,0
833,Lorain,OH,0
834,Lucas,OH,0
835,Madison,OH,0
836,Mahoning,OH,0
837,Marion,OH,0
838,Medina,OH,0
839,Meigs,OH,0
840,Mercer,OH,0
841,Miami,OH,0
842,Monroe,OH,0
843,Montgomery,OH,0
844,Morgan,OH,0
845,Morrow,OH,0
846,Muskingum,OH,0
847,Noble,OH,0
848,Ottawa,OH,0
849,Paulding,OH,0
850,Perry,OH,0
851,Pickaway,OH,0
852,Pike,OH,0
853,Portage,OH,0
854,Preble,OH,0
855,Putnam,OH,0
856,Richland,OH,0
857,Ross,OH,0
858,Sandusky,OH,0
859,Scioto,OH,0
860,Seneca,OH,0
861,Shelby,OH,0
862,Stark,OH,0
863,Summit,OH,0
864,Trumbull,OH,0
865,Tuscarawas,OH,0
866,Union,OH,0
867,Van Wert,OH,0
868,Vinton,OH,0
869,Warren,OH,0
870,Washington,OH,0
871,Wayne,OH,0
872,Williams,OH,0
873,Wood,OH,0
874,Wyandot,OH,0
2801,Pottawatomie,OK,0
2802,Johnston,OK,0
2803,McCurtain,OK,0
2804,Jefferson,OK,0
2805,Garvin,OK,0
2806,Carter,OK,0
2807,Love,OK,0
2808,Marshall,OK,0
2809,Stephens,OK,0
2810,McClain,OK,0
2811,Pontotoc,OK,0
2812,Coal,OK,0
2813,Bryan,OK,0
2814,Choctaw,OK,0
2815,Le Flore,OK,0
2816,Grady,OK,0
2817,Cleveland,OK,0
2818,Seminole,OK,0
2819,Hughes,OK,0
2820,Atoka,OK,0
2821,Pushmataha,OK,0
2822,Comanche,OK,0
2823,Cotton,OK,0
2824,Murray,OK,0
2825,Okfuskee,OK,0
2826,Pittsburg,OK,0
2827,Latimer,OK,0
2828,Tillman,OK,0
2829,Lincoln,OK,0
2830,McIntosh,OK,0
2831,Haskell,OK,0
2832,Jackson,OK,0
2833,Tulsa,OK,0
2834,Muskogee,OK,0
2835,Oklahoma,OK,0
2836,Sequoyah,OK,0
2837,Okmulgee,OK,0
2838,Harmon,OK,0
2839,Greer,OK,0
2840,Kiowa,OK,0
2841,Wagoner,OK,0
2842,Caddo,OK,0
2843,Canadian,OK,0
2844,Creek,OK,0
2845,Cherokee,OK,0
2846,Washita,OK,0
2847,Mayes,OK,0
2848,Adair,OK,0
2849,Pawnee,OK,0
2850,Rogers,OK,0
2851,Beckham,OK,0
2852,Delaware,OK,0
2853,Custer,OK,0
2854,Logan,OK,0
2855,Payne,OK,0
2856,Texas,OK,0
2857,Beaver,OK,0
2858,Woodward,OK,0
2859,Major,OK,0
2860,Dewey,OK,0
2861,Blaine,OK,0
2862,Kingfisher,OK,0
2863,Ellis,OK,0
2864,Roger Mills,OK,0
2865,Garfield,OK,0
2866,Noble,OK,0
2867,Washington,OK,0
2868,Cimarron,OK,0
2869,Harper,OK,0
2870,Woods,OK,0
2871,Alfalfa,OK,0
2872,Grant,OK,0
2873,Kay,OK,0
2874,Osage,OK,0
2875,Nowata,OK,0
2876,Craig,OK,0
2877,Ottawa,OK,0
2878,Curry,OR,0
2879,Josephine,OR,0
2880,Jackson,OR,0
2881,Marion,OR,0
2882,Linn,OR,0
2883,Klamath,OR,0
2884,Lake,OR,0
2885,Harney,OR,0
2886,Malheur,OR,0
2887,Coos,OR,0
2888,Deschutes,OR,0
2889,Clackamas,OR,0
2890,Douglas,OR,0
2891,Lane,OR,0
2892,Washington,OR,0
2893,Multnomah,OR,0
2894,Benton,OR,0
2895,Lincoln,OR,0
2896,Polk,OR,0
2897,Yamhill,OR,0
2898,Tillamook,OR,0
2899,Clatsop,OR,0
2900,Union,OR,0
2901,Baker,OR,0
2902,Columbia,OR,0
2903,Hood River,OR,0
2904,Jefferson,OR,0
2905,Crook,OR,0
2906,Wheeler,OR,0
2907,Grant,OR,0
2908,Umatilla,OR,0
2909,Wallowa,OR,0
2910,Wasco,OR,0
2911,Sherman,OR,0
2912,Gilliam,OR,0
2913,Morrow,OR,0
2914,Greene,PA,0
2915,Fayette,PA,0
2916,Franklin,PA,0
2917,York,PA,0
2918,Lancaster,PA,0
2919,Chester,PA,0
2920,Delaware,PA,0
2921,Philadelphia,PA,0
2922,Washington,PA,0
2923,Allegheny,PA,0
2924,Montgomery,PA,0
2925,Somerset,PA,0
2926,Bedford,PA,0
2927,Fulton,PA,0
2928,Westmoreland,PA,0
2929,Dauphin,PA,0
2930,Lebanon,PA,0
2931,Berks,PA,0
2932,Adams,PA,0
2933,Beaver,PA,0
2934,Cumberland,PA,0
2935,Lehigh,PA,0
2936,Schuylkill,PA,0
2937,Butler,PA,0
2938,Cambria,PA,0
2939,Blair,PA,0
2940,Juniata,PA,0
2941,Perry,PA,0
2942,Northumberland,PA,0
2943,Luzerne,PA,0
2944,Lawrence,PA,0
2945,Huntingdon,PA,0
2946,Snyder,PA,0
2947,Carbon,PA,0
2948,Northampton,PA,0
2949,Bucks,PA,0
2950,Mercer,PA,0
2951,Clarion,PA,0
2952,Armstrong,PA,0
2953,Indiana,PA,0
2954,Jefferson,PA,0
2955,Clearfield,PA,0
2956,Mifflin,PA,0
2957,Union,PA,0
2958,Montour,PA,0
2959,Sullivan,PA,0
2960,Wyoming,PA,0
2961,Lackawanna,PA,0
2962,Crawford,PA,0
2963,Venango,PA,0
2964,Forest,PA,0
2965,Elk,PA,0
2966,Centre,PA,0
2967,Lycoming,PA,0
2968,Columbia,PA,0
2969,Bradford,PA,0
2970,Pike,PA,0
2971,Monroe,PA,0
2972,Erie,PA,0
2973,Warren,PA,0
2974,McKean,PA,0
2975,Cameron,PA,0
2976,Clinton,PA,0
2977,Potter,PA,0
2978,Tioga,PA,0
2979,Susquehanna,PA,0
2980,Wayne,PA,0
2982,New Shoreham,RI,0
2983,Westerly,RI,0
2984,Charlestown,RI,0
2985,South Kingstown,RI,0
2986,Narragansett,RI,0
2987,North Kingstown,RI,0
2988,Newport,RI,0
2989,Hopkinton,RI,0
2990,Richmond,RI,0
2991,Warwick,RI,0
2992,Jamestown,RI,0
2993,Little Compton,RI,0
2994,East Greenwich,RI,0
2995,Exeter,RI,0
2996,West Warwick,RI,0
2997,Tiverton,RI,0
2998,West Greenwich,RI,0
2999,Middletown,RI,0
3000,Coventry,RI,0
3001,Cranston,RI,0
3002,Portsmouth,RI,0
3003,Scituate,RI,0
3004,Foster,RI,0
3005,Johnston,RI,0
3006,Providence,RI,0
3007,Bristol,RI,0
3008,Glocester,RI,0
3009,Smithfield,RI,0
3010,Burrillville,RI,0
3011,Barrington,RI,0
3012,Warren,RI,0
3013,North Smithfield,RI,0
3014,Lincoln,RI,0
3015,East Providence,RI,0
3016,North Providence,RI,0
3017,Woonsocket,RI,0
3018,Cumberland,RI,0
3019,Pawtucket,RI,0
3020,Central Falls,RI,0
3021,Jasper,SC,0
3022,Beaufort,SC,0
3023,Hampton,SC,0
3024,Colleton,SC,0
3025,Charleston,SC,0
3026,Bamberg,SC,0
3027,Dorchester,SC,0
3028,Berkeley,SC,0
3029,Allendale,SC,0
3030,Richland,SC,0
3031,Barnwell,SC,0
3032,Aiken,SC,0
3033,Lexington,SC,0
3034,Orangeburg,SC,0
3035,Williamsburg,SC,0
3036,Saluda,SC,0
3037,Calhoun,SC,0
3038,Georgetown,SC,0
3039,Edgefield,SC,0
3040,Clarendon,SC,0
3041,Florence,SC,0
3042,Horry,SC,0
3043,McCormick,SC,0
3044,Greenwood,SC,0
3045,Abbeville,SC,0
3046,Laurens,SC,0
3047,Sumter,SC,0
3048,Anderson,SC,0
3049,Marion,SC,0
3050,Dillon,SC,0
3051,Greenville,SC,0
3052,Spartanburg,SC,0
3053,Lee,SC,0
3054,Darlington,SC,0
3055,Marlboro,SC,0
3056,Union,SC,0
3057,Newberry,SC,0
3058,Fairfield,SC,0
3059,Kershaw,SC,0
3060,Chesterfield,SC,0
3061,Chester,SC,0
3062,Lancaster,SC,0
3063,Pickens,SC,0
3064,York,SC,0
3065,Oconee,SC,0
3066,Cherokee,SC,0
3067,Union,SD,0
3068,Fall River,SD,0
3069,Oglala Lakota,SD,0
3070,Bennett,SD,0
3071,Todd,SD,0
3072,Tripp,SD,0
3073,Gregory,SD,0
3074,Charles Mix,SD,0
3075,Bon Homme,SD,0
3076,Yankton,SD,0
3077,Clay,SD,0
3078,Minnehaha,SD,0
3079,Lincoln,SD,0
3080,Custer,SD,0
3081,Pennington,SD,0
3082,Douglas,SD,0
3083,Jackson,SD,0
3084,Mellette,SD,0
3085,Hutchinson,SD,0
3086,Turner,SD,0
3087,Jones,SD,0
3088,Brule,SD,0
3089,Hanson,SD,0
3090,McCook,SD,0
3091,Moody,SD,0
3092,Hughes,SD,0
3093,Lyman,SD,0
3094,Davison,SD,0
3095,Miner,SD,0
3096,Lake,SD,0
3097,Brookings,SD,0
3098,Stanley,SD,0
3099,Buffalo,SD,0
3100,Beadle,SD,0
3101,Kingsbury,SD,0
3102,Clark,SD,0
3103,Hamlin,SD,0
3104,Deuel,SD,0
3105,Sully,SD,0
3106,Codington,SD,0
3107,Grant,SD,0
3108,Lawrence,SD,0
3109,Haakon,SD,0
3110,Ziebach,SD,0
3111,Dewey,SD,0
3112,Aurora,SD,0
3113,Jerauld,SD,0
3114,Sanborn,SD,0
3115,Spink,SD,0
3116,Meade,SD,0
3117,Walworth,SD,0
3118,Edmunds,SD,0
3119,Potter,SD,0
3120,Hyde,SD,0
3121,Hand,SD,0
3122,Brown,SD,0
3123,Day,SD,0
3124,Roberts,SD,0
3125,Butte,SD,0
3126,Faulk,SD,0
3127,Harding,SD,0
3128,Perkins,SD,0
3129,Corson,SD,0
3130,Campbell,SD,0
3131,McPherson,SD,0
3132,Marshall,SD,0
3133,Shelby,TN,0
3134,Fayette,TN,0
3135,Hardeman,TN,0
3136,McNairy,TN,0
3137,Hardin,TN,0
3138,Lawrence,TN,0
3139,Giles,TN,0
3140,Moore,TN,0
3141,Grundy,TN,0
3142,Bledsoe,TN,0
3143,Maury,TN,0
3144,Hamilton,TN,0
3145,Lincoln,TN,0
3146,Coffee,TN,0
3147,Rutherford,TN,0
3148,Williamson,TN,0
3149,Chester,TN,0
3150,Bedford,TN,0
3151,Wayne,TN,0
3152,Marion,TN,0
3153,Sevier,TN,0
3154,Madison,TN,0
3155,Franklin,TN,0
3156,Loudon,TN,0
3157,Marshall,TN,0
3158,Davidson,TN,0
3159,Rhea,TN,0
3160,Anderson,TN,0
3161,Bradley,TN,0
3162,Blount,TN,0
3163,Knox,TN,0
3164,Polk,TN,0
3165,Wilson,TN,0
3166,McMinn,TN,0
3167,Cocke,TN,0
3168,Carroll,TN,0
3169,Sequatchie,TN,0
3170,Unicoi,TN,0
3171,Lauderdale,TN,0
3172,Dyer,TN,0
3173,Tipton,TN,0
3174,Haywood,TN,0
3175,Crockett,TN,0
3176,Henderson,TN,0
3177,Dickson,TN,0
3178,Meigs,TN,0
3179,Morgan,TN,0
3180,Cumberland,TN,0
3181,Washington,TN,0
3182,Carter,TN,0
3183,Decatur,TN,0
3184,Lewis,TN,0
3185,Humphreys,TN,0
3186,Gibson,TN,0
3187,Montgomery,TN,0
3188,Cheatham,TN,0
3189,Perry,TN,0
3190,Cannon,TN,0
3191,Smith,TN,0
3192,DeKalb,TN,0
3193,White,TN,0
3194,Warren,TN,0
3195,Trousdale,TN,0
3196,Van Buren,TN,0
3197,Union,TN,0
3198,Greene,TN,0
3199,Lake,TN,0
3200,Obion,TN,0
3201,Weakley,TN,0
3202,Henry,TN,0
3203,Hickman,TN,0
3204,Benton,TN,0
3205,Robertson,TN,0
3206,Sumner,TN,0
3207,Macon,TN,0
3208,Overton,TN,0
3209,Claiborne,TN,0
3210,Pickett,TN,0
3211,Putnam,TN,0
3212,Roane,TN,0
3213,Grainger,TN,0
3214,Hamblen,TN,0
3215,Jefferson,TN,0
3216,Sullivan,TN,0
3217,Stewart,TN,0
3218,Houston,TN,0
3219,Fentress,TN,0
3220,Clay,TN,0
3221,Jackson,TN,0
3222,Campbell,TN,0
3223,Hancock,TN,0
3224,Scott,TN,0
3225,Monroe,TN,0
3226,Hawkins,TN,0
3227,Johnson,TN,0
3376,Anderson,TX,0
3419,Andrews,TX,0
3383,Angelina,TX,0
3242,Aransas,TX,0
3400,Archer,TX,0
3454,Armstrong,TX,0
3254,Atascosa,TX,0
3297,Austin,TX,0
3442,Bailey,TX,0
3303,Bandera,TX,0
3273,Bastrop,TX,0
3327,Baylor,TX,0
3246,Bee,TX,0
3332,Bell,TX,0
3257,Bexar,TX,0
3285,Blanco,TX,0
3428,Borden,TX,0
3320,Bosque,TX,0
3424,Bowie,TX,0
3271,Brazoria,TX,0
3310,Brazos,TX,0
3336,Brewster,TX,0
3449,Briscoe,TX,0
3234,Brooks,TX,0
3342,Brown,TX,0
3311,Burleson,TX,0
3293,Burnet,TX,0
3267,Caldwell,TX,0
3261,Calhoun,TX,0
3291,Callahan,TX,0
3228,Cameron,TX,0
3417,Camp,TX,0
3461,Carson,TX,0
3425,Cass,TX,0
3439,Castro,TX,0
3300,Chambers,TX,0
3381,Cherokee,TX,0
3481,Childress,TX,0
3458,Clay,TX,0
3438,Cochran,TX,0
3304,Coke,TX,0
3284,Coleman,TX,0
3421,Collin,TX,0
3456,Collingsworth,TX,0
3269,Colorado,TX,0
3286,Comal,TX,0
3329,Comanche,TX,0
3272,Concho,TX,0
3446,Cooke,TX,0
3294,Coryell,TX,0
3482,Cottle,TX,0
3302,Crane,TX,0
3352,Crockett,TX,0
3440,Crosby,TX,0
3385,Culberson,TX,0
3472,Dallam,TX,0
3402,Dallas,TX,0
3412,Dawson,TX,0
3453,Deaf Smith,TX,0
3415,Delta,TX,0
3414,Denton,TX,0
3263,DeWitt,TX,0
3451,Dickens,TX,0
3243,Dimmit,TX,0
3455,Donley,TX,0
3237,Duval,TX,0
3356,Eastland,TX,0
3387,Ector,TX,0
3324,Edwards,TX,0
3349,El Paso,TX,0
3396,Ellis,TX,0
3343,Erath,TX,0
3360,Falls,TX,0
3434,Fannin,TX,0
3278,Fayette,TX,0
3316,Fisher,TX,0
3480,Floyd,TX,0
3471,Foard,TX,0
3274,Fort Bend,TX,0
3416,Franklin,TX,0
3374,Freestone,TX,0
3253,Frio,TX,0
3426,Gaines,TX,0
3280,Galveston,TX,0
3432,Garza,TX,0
3307,Gillespie,TX,0
3369,Glasscock,TX,0
3260,Goliad,TX,0
3262,Gonzales,TX,0
3462,Gray,TX,0
3429,Grayson,TX,0
3403,Gregg,TX,0
3379,Grimes,TX,0
3258,Guadalupe,TX,0
3444,Hale,TX,0
3450,Hall,TX,0
3309,Hamilton,TX,0
3474,Hansford,TX,0
3477,Hardeman,TX,0
3321,Hardin,TX,0
3279,Harris,TX,0
3411,Harrison,TX,0
3466,Hartley,TX,0
3290,Haskell,TX,0
3287,Hays,TX,0
3470,Hemphill,TX,0
3392,Henderson,TX,0
3229,Hidalgo,TX,0
3464,Hill,TX,0
3427,Hockley,TX,0
3372,Hood,TX,0
3422,Hopkins,TX,0
3363,Houston,TX,0
3433,Howard,TX,0
3335,Hudspeth,TX,0
3380,Hunt,TX,0
3468,Hutchinson,TX,0
3325,Irion,TX,0
3401,Jack,TX,0
3265,Jackson,TX,0
3347,Jasper,TX,0
3366,Jeff Davis,TX,0
3301,Jefferson,TX,0
3233,Jim Hogg,TX,0
3238,Jim Wells,TX,0
3391,Johnson,TX,0
3283,Jones,TX,0
3255,Karnes,TX,0
3394,Kaufman,TX,0
3281,Kendall,TX,0
3235,Kenedy,TX,0
3370,Kent,TX,0
3289,Kerr,TX,0
3275,Kimble,TX,0
3457,King,TX,0
3256,Kinney,TX,0
3239,Kleberg,TX,0
3445,Knox,TX,0
3244,La Salle,TX,0
3435,Lamar,TX,0
3431,Lamb,TX,0
3308,Lampasas,TX,0
3268,Lavaca,TX,0
3296,Lee,TX,0
3375,Leon,TX,0
3312,Liberty,TX,0
3362,Limestone,TX,0
3476,Lipscomb,TX,0
3241,Live Oak,TX,0
3292,Llano,TX,0
3386,Loving,TX,0
3420,Lubbock,TX,0
3406,Lynn,TX,0
3377,Madison,TX,0
3418,Marion,TX,0
3405,Martin,TX,0
3318,Mason,TX,0
3266,Matagorda,TX,0
3249,Maverick,TX,0
3277,McCulloch,TX,0
3330,McLennan,TX,0
3245,McMullen,TX,0
3252,Medina,TX,0
3341,Menard,TX,0
3388,Midland,TX,0
3344,Milam,TX,0
3319,Mills,TX,0
3340,Mitchell,TX,0
3452,Montague,TX,0
3299,Montgomery,TX,0
3467,Moore,TX,0
3437,Morris,TX,0
3441,Motley,TX,0
3382,Nacogdoches,TX,0
3373,Navarro,TX,0
3348,Newton,TX,0
3305,Nolan,TX,0
3248,Nueces,TX,0
3475,Ochiltree,TX,0
3459,Oldham,TX,0
3334,Orange,TX,0
3390,Palo Pinto,TX,0
3404,Panola,TX,0
3407,Parker,TX,0
3447,Parmer,TX,0
3351,Pecos,TX,0
3364,Polk,TX,0
3460,Potter,TX,0
3350,Presidio,TX,0
3408,Rains,TX,0
3443,Randall,TX,0
3353,Reagan,TX,0
3314,Real,TX,0
3436,Red River,TX,0
3367,Reeves,TX,0
3247,Refugio,TX,0
3469,Roberts,TX,0
3345,Robertson,TX,0
3395,Rockwall,TX,0
3276,Runnels,TX,0
3398,Rusk,TX,0
3365,Sabine,TX,0
3399,San Augustine,TX,0
3346,San Jacinto,TX,0
3240,San Patricio,TX,0
3328,San Saba,TX,0
3315,Schleicher,TX,0
3354,Scurry,TX,0
3306,Shackelford,TX,0
3384,Shelby,TX,0
3473,Sherman,TX,0
3397,Smith,TX,0
3357,Somervell,TX,0
3231,Starr,TX,0
3371,Stephens,TX,0
3339,Sterling,TX,0
3326,Stonewall,TX,0
3338,Sutton,TX,0
3448,Swisher,TX,0
3359,Tarrant,TX,0
3355,Taylor,TX,0
3322,Terrell,TX,0
3413,Terry,TX,0
3317,Throckmorton,TX,0
3423,Titus,TX,0
3282,Tom Green,TX,0
3295,Travis,TX,0
3361,Trinity,TX,0
3333,Tyler,TX,0
3410,Upshur,TX,0
3368,Upton,TX,0
3250,Uvalde,TX,0
3337,Val Verde,TX,0
3393,Van Zandt,TX,0
3264,Victoria,TX,0
3378,Walker,TX,0
3288,Waller,TX,0
3313,Ward,TX,0
3298,Washington,TX,0
3236,Webb,TX,0
3270,Wharton,TX,0
3463,Wheeler,TX,0
3465,Wichita,TX,0
3478,Wilbarger,TX,0
3230,Willacy,TX,0
3331,Williamson,TX,0
3259,Wilson,TX,0
3323,Winkler,TX,0
3358,Wise,TX,0
3409,Wood,TX,0
3430,Yoakum,TX,0
3389,Young,TX,0
3232,Zapata,TX,0
3251,Zavala,TX,0
431,Beaver,UT,0
432,Box Elder,UT,0
433,Cache,UT,0
434,Carbon,UT,0
435,Daggett,UT,0
436,Davis,UT,0
437,Duchesne,UT,0
438,Emery,UT,0
439,Garfield,UT,0
440,Grand,UT,0
441,Iron,UT,0
442,Juab,UT,0
443,Kane,UT,0
444,Millard,UT,0
445,Morgan,UT,0
446,Piute,UT,0
447,Rich,UT,0
448,Salt Lake,UT,0
449,San Juan,UT,0
450,Sanpete,UT,0
451,Sevier,UT,0
452,Summit,UT,0
453,Tooele,UT,0
454,Uintah,UT,0
455,Utah,UT,0
456,Wasatch,UT,0
457,Washington,UT,0
458,Wayne,UT,0
459,Weber,UT,0
3483,Pownal,VT,0
3484,Stamford,VT,0
3485,Readsboro,VT,0
3486,Whitingham,VT,0
3487,Marlboro,VT,0
3488,Halifax,VT,0
3489,Guilford,VT,0
3490,Vernon,VT,0
3491,Woodford,VT,0
3492,Searsburg,VT,0
3493,Wilmington,VT,0
3494,Brattleboro,VT,0
3495,Bennington,VT,0
3496,Dover,VT,0
3497,Newfane,VT,0
3498,Dummerston,VT,0
3499,Sunderland,VT,0
3500,Putney,VT,0
3501,Brookline,VT,0
3502,Shaftsbury,VT,0
3503,Arlington,VT,0
3504,Stratton,VT,0
3505,Wardsboro,VT,0
3506,Townshend,VT,0
3507,Athens,VT,0
3508,Westminster,VT,0
3509,Sandgate,VT,0
3510,Manchester,VT,0
3511,Jamaica,VT,0
3512,Londonderry,VT,0
3513,Windham,VT,0
3514,Grafton,VT,0
3515,Rockingham,VT,0
3516,Rupert,VT,0
3517,Winhall,VT,0
3518,Dorset,VT,0
3519,Peru,VT,0
3520,Landgrove,VT,0
3521,Pawlet,VT,0
3522,Danby,VT,0
3523,Mount Tabor,VT,0
3524,Weston,VT,0
3525,Andover,VT,0
3526,Chester,VT,0
3527,Springfield,VT,0
3528,Wells,VT,0
3529,Middletown Springs,VT,0
3530,Tinmouth,VT,0
3531,Wallingford,VT,0
3532,Mount Holly,VT,0
3533,Ludlow,VT,0
3534,Baltimore,VT,0
3535,Poultney,VT,0
3536,Ira,VT,0
3537,Clarendon,VT,0
3538,Shrewsbury,VT,0
3539,Plymouth,VT,0
3540,Cavendish,VT,0
3541,Weathersfield,VT,0
3542,West Rutland,VT,0
3543,Rutland Town,VT,0
3544,Mendon,VT,0
3545,Bridgewater,VT,0
3546,Reading,VT,0
3547,Windsor,VT,0
3548,West Haven,VT,0
3549,Castleton,VT,0
3550,Proctor,VT,0
3551,Rutland City,VT,0
3552,Killington,VT,0
3553,Woodstock,VT,0
3554,West Windsor,VT,0
3555,Benson,VT,0
3556,Fair Haven,VT,0
3557,Pittsford,VT,0
3558,Pittsfield,VT,0
3559,Stockbridge,VT,0
3560,Hartland,VT,0
3561,Hartford,VT,0
3562,Hubbardton,VT,0
3563,Brandon,VT,0
3564,Chittenden,VT,0
3565,Barnard,VT,0
3566,Royalton,VT,0
3567,Pomfret,VT,0
3568,Sudbury,VT,0
3569,Bethel,VT,0
3570,Sharon,VT,0
3571,Orwell,VT,0
3572,Whiting,VT,0
3573,Leicester,VT,0
3574,Goshen,VT,0
3575,Hancock,VT,0
3576,Granville,VT,0
3577,Ripton,VT,0
3578,Rochester,VT,0
3579,Weybridge,VT,0
3580,Panton,VT,0
3581,Norwich,VT,0
3582,Shoreham,VT,0
3583,Cornwall,VT,0
3584,Salisbury,VT,0
3585,Middlebury,VT,0
3586,New Haven,VT,0
3587,Vergennes,VT,0
3588,Randolph,VT,0
3589,Thetford,VT,0
3590,Charlotte,VT,0
3591,Hinesburg,VT,0
3592,Huntington,VT,0
3593,Bridport,VT,0
3594,Bristol,VT,0
3595,Starksboro,VT,0
3596,West Fairlee,VT,0
3597,Fairlee,VT,0
3598,Shelburne,VT,0
3599,South Burlington,VT,0
3600,Addison,VT,0
3601,Waltham,VT,0
3602,Monkton,VT,0
3603,Braintree,VT,0
3604,Barre City,VT,0
3605,Bradford,VT,0
3606,Saint George,VT,0
3607,Lincoln,VT,0
3608,Ferrisburgh,VT,0
3609,Tunbridge,VT,0
3610,Williston,VT,0
3611,Northfield,VT,0
3612,Warren,VT,0
3613,Roxbury,VT,0
3614,Montpelier,VT,0
3615,Barre Town,VT,0
3616,Burlington,VT,0
3617,Moretown,VT,0
3618,Newbury,VT,0
3619,Berlin,VT,0
3620,Duxbury,VT,0
3621,East Montpelier,VT,0
3622,Ryegate,VT,0
3623,Richmond,VT,0
3624,Bolton,VT,0
3625,Middlesex,VT,0
3626,Waterbury,VT,0
3627,Strafford,VT,0
3628,Barnet,VT,0
3629,Waterford,VT,0
3630,Danville,VT,0
3631,Saint Johnsbury,VT,0
3632,Winooski,VT,0
3633,Worcester,VT,0
3634,Plainfield,VT,0
3635,Brookfield,VT,0
3636,Washington,VT,0
3637,Peacham,VT,0
3638,Colchester,VT,0
3639,Jericho,VT,0
3640,Stowe,VT,0
3641,Calais,VT,0
3642,Cabot,VT,0
3643,Woodbury,VT,0
3644,Topsham,VT,0
3645,Williamstown,VT,0
3646,Vershire,VT,0
3647,Groton,VT,0
3648,Kirby,VT,0
3649,Burke,VT,0
3650,Essex,VT,0
3651,Fayston,VT,0
3652,Waitsfield,VT,0
3653,Chelsea,VT,0
3654,Marshfield,VT,0
3655,Hardwick,VT,0
3656,Stannard,VT,0
3657,Lyndon,VT,0
3658,Newark,VT,0
3659,Milton,VT,0
3660,Westford,VT,0
3661,Underhill,VT,0
3662,Morristown,VT,0
3663,Elmore,VT,0
3664,Barton,VT,0
3665,Corinth,VT,0
3666,Orange,VT,0
3667,Wheelock,VT,0
3668,Sutton,VT,0
3669,Concord,VT,0
3670,South Hero,VT,0
3671,Georgia,VT,0
3672,Saint Albans City,VT,0
3673,Fairfax,VT,0
3674,Johnson,VT,0
3675,Wolcott,VT,0
3676,Hyde Park,VT,0
3677,Westmore,VT,0
3678,Brownington,VT,0
3679,Walden,VT,0
3680,Sheffield,VT,0
3681,Victory,VT,0
3682,Guildhall,VT,0
3683,Grand Isle,VT,0
3684,Saint Albans Town,VT,0
3685,Fletcher,VT,0
3686,Cambridge,VT,0
3687,Waterville,VT,0
3688,Eden,VT,0
3689,Greensboro,VT,0
3690,Glover,VT,0
3691,Granby,VT,0
3692,Lunenburg,VT,0
3693,Maidstone,VT,0
3694,Isle La Motte,VT,0
3695,North Hero,VT,0
3696,Swanton,VT,0
3697,Fairfield,VT,0
3698,Bakersfield,VT,0
3699,Montgomery,VT,0
3700,Belvidere,VT,0
3701,Irasburg,VT,0
3702,Craftsbury,VT,0
3703,Albany,VT,0
3704,Lowell,VT,0
3705,Westfield,VT,0
3706,Morgan,VT,0
3707,Charleston,VT,0
3708,Coventry,VT,0
3709,East Haven,VT,0
3710,Brighton,VT,0
3711,Brunswick,VT,0
3712,Alburgh,VT,0
3713,Highgate,VT,0
3714,Sheldon,VT,0
3715,Franklin,VT,0
3716,Berkshire,VT,0
3717,Enosburgh,VT,0
3718,Richford,VT,0
3719,Jay,VT,0
3720,Troy,VT,0
3721,Newport Town,VT,0
3722,Newport City,VT,0
3723,Derby,VT,0
3724,Holland,VT,0
3725,Norton,VT,0
3726,Bloomfield,VT,0
3727,Lemington,VT,0
3728,Canaan,VT,0
3729,Lee,VA,0
3730,Norton City,VA,0
3731,Scott,VA,0
3732,Bristol City,VA,0
3733,Washington,VA,0
3734,Smyth,VA,0
3735,Grayson,VA,0
3736,Galax City,VA,0
3737,Carroll,VA,0
3738,Patrick,VA,0
3739,Henry,VA,0
3740,Martinsville City,VA,0
3741,Pittsylvania,VA,0
3742,Danville City,VA,0
3743,Halifax,VA,0
3744,Mecklenburg,VA,0
3745,Chesterfield,VA,0
3746,Brunswick,VA,0
3747,Petersburg City,VA,0
3748,Prince George,VA,0
3749,Greensville,VA,0
3750,Southampton,VA,0
3751,Chesapeake City,VA,0
3752,Virginia Beach City,VA,0
3753,Wise,VA,0
3754,Russell,VA,0
3755,Pulaski,VA,0
3756,Montgomery,VA,0
3757,Roanoke,VA,0
3758,Roanoke City,VA,0
3759,Floyd,VA,0
3760,Franklin,VA,0
3761,Campbell,VA,0
3762,Charlotte,VA,0
3763,Lunenburg,VA,0
3764,Dinwiddie,VA,0
3765,Colonial Heights City,VA,0
3766,Emporia City,VA,0
3767,Franklin City,VA,0
3768,Suffolk City,VA,0
3769,Dickenson,VA,0
3770,Wythe,VA,0
3771,Giles,VA,0
3773,Lynchburg City,VA,0
3774,Appomattox,VA,0
3775,Prince Edward,VA,0
3776,Nottoway,VA,0
3777,Richmond City,VA,0
3778,Hopewell City,VA,0
3779,Charles City,VA,0
3780,Sussex,VA,0
3781,Surry,VA,0
3782,Portsmouth City,VA,0
3783,Norfolk City,VA,0
3784,Buchanan,VA,0
3785,Radford City,VA,0
3786,Bland,VA,0
3787,Craig,VA,0
3788,Salem City,VA,0
3789,Botetourt,VA,0
3790,Amherst,VA,0
3791,Buckingham,VA,0
3792,Cumberland,VA,0
3793,Amelia,VA,0
3794,Henrico,VA,0
3795,James City,VA,0
3796,Tazewell,VA,0
3797,Alleghany,VA,0
3798,Covington City,VA,0
3799,Rockbridge,VA,0
3800,Lexington City,VA,0
3801,Buena Vista City,VA,0
3802,Augusta,VA,0
3803,Fluvanna,VA,0
3804,Goochland,VA,0
3805,Powhatan,VA,0
3806,Bath,VA,0
3807,Highland,VA,0
3808,Staunton City,VA,0
3809,Waynesboro City,VA,0
3810,Nelson,VA,0
3811,Albemarle,VA,0
3812,Charlottesville City,VA,0
3813,Isle of Wight,VA,0
3814,Newport News City,VA,0
3815,Hampton City,VA,0
3816,Harrisonburg City,VA,0
3817,Rockingham,VA,0
3818,Greene,VA,0
3819,Madison,VA,0
3820,Louisa,VA,0
3821,Hanover,VA,0
3822,Williamsburg City,VA,0
3823,Shenandoah,VA,0
3824,Rappahannock,VA,0
3825,Culpeper,VA,0
3826,Orange,VA,0
3827,Spotsylvania,VA,0
3828,New Kent,VA,0
3829,York,VA,0
3830,Poquoson City,VA,0
3831,Lancaster,VA,0
3832,Page,VA,0
3833,Fauquier,VA,0
3834,Stafford,VA,0
3835,Fredericksburg City,VA,0
3836,Caroline,VA,0
3837,King William,VA,0
3838,King & Queen,VA,0
3839,Middlesex,VA,0
3840,Gloucester,VA,0
3841,Mathews,VA,0
3842,Essex,VA,0
3843,Richmond,VA,0
3844,Northampton,VA,0
3845,Warren,VA,0
3846,Prince William,VA,0
3847,King George,VA,0
3848,Westmoreland,VA,0
3849,Northumberland,VA,0
3850,Accomack,VA,0
3851,Frederick,VA,0
3852,Manassas City,VA,0
3853,Fairfax,VA,0
3854,Fairfax City,VA,0
3855,Manassas Park City,VA,0
3856,Clarke,VA,0
3857,Winchester City,VA,0
3858,Loudoun,VA,0
3859,Alexandria City,VA,0
3860,Falls Church City,VA,0
3861,Arlington,VA,0
4512,Bedford,VA,0
462,Adams,WA,0
463,Asotin,WA,0
464,Benton,WA,0
465,Chelan,WA,0
466,Clallam,WA,0
467,Clark,WA,0
468,Columbia,WA,0
469,Cowlitz,WA,0
470,Douglas,WA,0
471,Ferry,WA,0
472,Franklin,WA,0
473,Garfield,WA,0
474,Grant,WA,0
475,Grays Harbor,WA,0
476,Island,WA,0
477,Jefferson,WA,0
478,King,WA,0
479,Kitsap,WA,0
480,Kittitas,WA,0
481,Klickitat,WA,0
482,Lewis,WA,0
483,Lincoln,WA,0
484,Mason,WA,0
485,Okanogan,WA,0
486,Pacific,WA,0
487,Pend Oreille,WA,0
488,Pierce,WA,0
489,San Juan,WA,0
490,Skagit,WA,0
491,Skamania,WA,0
492,Snohomish,WA,0
493,Spokane,WA,0
494,Stevens,WA,0
495,Thurston,WA,0
496,Wahkiakum,WA,0
497,Walla Walla,WA,0
498,Whatcom,WA,0
499,Whitman,WA,0
500,Yakima,WA,0
1297,Barbour,WV,0
1298,Berkeley,WV,0
1299,Braxton,WV,0
1300,Boone,WV,0
1301,Brooke,WV,0
1302,Cabell,WV,0
1303,Calhoun,WV,0
1304,Clay,WV,0
1305,Doddridge,WV,0
1306,Fayette,WV,0
1307,Gilmer,WV,0
1308,Grant,WV,0
1309,Greenbrier,WV,0
1310,Hampshire,WV,0
1311,Hancock,WV,0
1312,Hardy,WV,0
1313,Harrison,WV,0
1314,Jackson,WV,0
1315,Jefferson,WV,0
1316,Kanawha,WV,0
1317,Lewis,WV,0
1318,Lincoln,WV,0
1319,Logan,WV,0
1320,Marion,WV,0
1321,Marshall,WV,0
1322,Mason,WV,0
1323,McDowell,WV,0
1324,Mercer,WV,0
1325,Mineral,WV,0
1326,Mingo,WV,0
1327,Monongalia,WV,0
1328,Monroe,WV,0
1329,Morgan,WV,0
1330,Nicholas,WV,0
1331,Ohio,WV,0
1332,Pendleton,WV,0
1333,Pleasants,WV,0
1334,Pocahontas,WV,0
1335,Preston,WV,0
1336,Putnam,WV,0
1337,Raleigh,WV,0
1338,Randolph,WV,0
1339,Ritchie,WV,0
1340,Roane,WV,0
1341,Summers,WV,0
1342,Taylor,WV,0
1343,Tucker,WV,0
1344,Tyler,WV,0
1345,Upshur,WV,0
1346,Wayne,WV,0
1347,Webster,WV,0
1348,Wetzel,WV,0
1349,Wirt,WV,0
1350,Wood,WV,0
1351,Wyoming,WV,0
660,Adams,WI,0
661,Ashland,WI,0
662,Barron,WI,0
663,Bayfield,WI,0
664,Brown,WI,0
665,Buffalo,WI,0
666,Burnett,WI,0
667,Calumet,WI,0
668,Chippewa,WI,0
669,Clark,WI,0
670,Columbia,WI,0
671,Crawford,WI,0
672,Dane,WI,0
673,Dodge,WI,0
674,Door,WI,0
675,Douglas,WI,0
676,Dunn,WI,0
677,Eau Claire,WI,0
678,Florence,WI,0
679,Fond du Lac,WI,0
680,Forest,WI,0
681,Grant,WI,0
682,Green,WI,0
683,Green Lake,WI,0
684,Iowa,WI,0
685,Iron,WI,0
686,Jackson,WI,0
687,Jefferson,WI,0
688,Juneau,WI,0
689,Kenosha,WI,0
690,Kewaunee,WI,0
691,La Crosse,WI,0
692,Lafayette,WI,0
693,Langlade,WI,0
694,Lincoln,WI,0
695,Manitowoc,WI,0
696,Marathon,WI,0
697,Marinette,WI,0
698,Marquette,WI,0
699,Menominee,WI,0
700,Milwaukee,WI,0
701,Monroe,WI,0
702,Oconto,WI,0
703,Oneida,WI,0
704,Outagamie,WI,0
705,Ozaukee,WI,0
706,Pepin,WI,0
707,Pierce,WI,0
708,Polk,WI,0
709,Portage,WI,0
710,Price,WI,0
711,Racine,WI,0
712,Richland,WI,0
713,Rock,WI,0
714,Rusk,WI,0
715,Sauk,WI,0
716,Sawyer,WI,0
717,Shawano,WI,0
718,Sheboygan,WI,0
719,St. Croix,WI,0
720,Taylor,WI,0
721,Trempealeau,WI,0
722,Vernon,WI,0
723,Vilas,WI,0
724,Walworth,WI,0
725,Washburn,WI,0
726,Washington,WI,0
727,Waukesha,WI,0
728,Waupaca,WI,0
729,Waushara,WI,0
730,Winnebago,WI,0
731,Wood,WI,0
4266,Uinta,WY,0
4267,Lincoln,WY,0
4268,Sublette,WY,0
4269,Teton,WY,0
4270,Fremont,WY,0
4271,Park,WY,0
4272,Hot Springs,WY,0
4273,Natrona,WY,0
4274,Sweetwater,WY,0
4275,Carbon,WY,0
4276,Albany,WY,0
4277,Laramie,WY,0
4278,Converse,WY,0
4279,Johnson,WY,0
4280,Sheridan,WY,0
4281,Washakie,WY,0
4282,Big Horn,WY,0
4283,Campbell,WY,0
4284,Crook,WY,0
4285,Weston,WY,0
4286,Niobrara,WY,0
4287,Goshen,WY,0
4288,Platte,WY,0